,Round,Pick,Team,Player,Position,Age,School,Year,Weight,40 Time,Vertical Jump,3 Cone,Shuttle,Height (in),PK,PK1,G,Completions,Attempts,CompletionPCT,PassYds,YardsPerAttempt,AdjustedYardsPerAttempt,PassingTDs,Int,EfficiencyRtg,RushAtt,RushYds,RushAvg,RushTD,Year_y,AdjustedYds,YPG,Last_Year,Conf,year_drafted,response
0,1,1,NWE,Drew Bledsoe,QB,21,Washington St.,1993,233,,32.5,,4.54,77,drew bledsoe+1993,,,,,,,,,,,,,,,,,,,,,,2
1,1,2,SEA,Rick Mirer,QB,23,Notre Dame,1993,216,,,,,74,rick mirer+1993,,,,,,,,,,,,,,,,,,,,,,3
2,3,58,RAI,Billy Joe Hobert,QB,22,Washington,1993,234,4.89,30.5,,4.29,74.6,billy joe hobert+1993,,,,,,,,,,,,,,,,,,,,,,
3,5,118,GNB,Mark Brunell,QB,22,Washington,1993,206,4.7,30.5,,4.19,73,mark brunell+1993,,,,,,,,,,,,,,,,,,,,,,
4,7,192,MIN,Gino Torretta,QB,23,Miami (FL),1993,219,,31,,,74,gino torretta+1993,,,,,,,,,,,,,,,,,,,,,,
5,8,216,PIT,Alex Van Pelt,QB,23,Pittsburgh,1993,212,4.97,30.5,,,72,alex van pelt+1993,,,,,,,,,,,,,,,,,,,,,,
6,8,219,SFO,Elvis Grbac,QB,23,Michigan,1993,232,4.81,31.5,,4.5,77.1,elvis grbac+1993,,,,,,,,,,,,,,,,,,,,,,
7,8,222,SDG,Trent Green,QB,23,Indiana,1993,211,4.92,32.5,,4.2,74.5,trent green+1993,,,,,,,,,,,,,,,,,,,,,,
8,1,3,WAS,Heath Shuler,QB,22,Tennessee,1994,221,,,,,74,heath shuler+1994,heath shuler+Tennessee,11,184,285,64.6,2354,8.259649123,8.8,25,8,157.3,46,73,1.6,3,1993,2508,214,1993,SEC,1994,3
9,1,6,TAM,Trent Dilfer,QB,22,Fresno St.,1994,228,,,,,75.3,trent dilfer+1994,trent dilfer+Fresno State,12,254,396,64.1,3799,9.593434343,10.5,30,5,167.2,40,-113,-2.8,1,1993,4158,316.5833333,1993,WAC,1994,3
10,4,111,ATL,Perry Klein,QB,23,C.W. Post,1994,214,4.84,32.5,,4.2,74.4,perry klein+1994,,,,,,,,,,,,,,,,,,,,,,
11,4,116,NOR,Doug Nussmeier,QB,23,Idaho,1994,211,4.88,33,,4.13,74.9,doug nussmeier+1994,,,,,,,,,,,,,,,,,,,,,,
12,6,178,PIT,Jim Miller,QB,23,Michigan St.,1994,227,5.13,24.5,,4.39,74.3,jim miller+1994,jim miller+Michigan State,12,215,336,64,2269,6.75297619,5.8,9,11,123,41,-160,-3.9,0,1993,1948.8,189.0833333,1993,Big Ten,1994,3
13,7,197,WAS,Gus Frerotte,QB,23,Tulsa,1994,221,5.04,26,,4.79,75,gus frerotte+1994,gus frerotte+Tulsa,11,214,383,55.9,2871,7.496083551,6.8,21,15,129.1,73,10,0.1,1,1993,2604.4,261,1993,Ind,1994,3
14,7,198,NWE,Jay Walker,QB,22,Howard,1994,,,,,,,jay walker+1994,,,,,,,,,,,,,,,,,,,,,,
15,7,199,KAN,Steve Matthews,QB,23,Memphis,1994,208,,,,,74.9,steve matthews+1994,steve matthews+Memphis,9,166,273,60.8,1896,6.945054945,5.8,13,13,125.3,38,-176,-4.6,1,1993,1583.4,210.6666667,1993,Ind,1994,4
16,7,208,NYJ,Glenn Foley,QB,23,Boston Col.,1994,212,,,,,72.8,glenn foley+1994,glenn foley+Boston College,11,222,363,61.2,3397,9.358126722,9.5,25,10,157,26,-44,-1.7,0,1993,3448.5,308.8181818,1993,Big East,1994,3
17,1,3,HOU,Steve McNair,QB,22,Alcorn St.,1995,224,,,,,73.6,steve mcnair+1995,,,,,,,,,,,,,,,,,,,,,,3
18,1,5,CAR,Kerry Collins,QB,22,Penn St.,1995,240,,,,,77,kerry collins+1995,kerry collins+Penn State,22,303,514,117.5,4284,8.33463035,8.068093385,34,18,286,38,-11,-1.3,0,3987,4147,194.7272727,1994,Big Ten,1995,3
19,2,45,BUF,Todd Collins,QB,23,Michigan,1995,224,5.07,30,,4.34,76.6,todd collins+1995,todd collins+Michigan,24,375,584,128.5,5027,8.607876712,8.353424658,30,17,295.3,87,-124,-3.2,0,3987,4878.4,209.4583333,1994,Big Ten,1995,3
20,2,60,PIT,Kordell Stewart,QB,22,Colorado,1995,212,4.52,36,,4.13,73.5,kordell stewart+1995,kordell stewart+Colorado,22,304,531,115.4,4370,8.229755179,8.169491525,21,10,273.5,224,1163,10.3,13,3987,4338,198.6363636,1994,Big 8,1995,3
21,3,80,ARI,Stoney Case,QB,23,New Mexico,1995,206,4.83,30.5,,4.25,74.5,stoney case+1995,stoney case+New Mexico,23,410,713,115.2,5607,7.863955119,7.698457223,39,20,273.1,266,861,6.4,25,3987,5489,243.7826087,1994,WAC,1995,3
22,3,84,CLE,Eric Zeier,QB,23,Georgia,1995,208,,,,,72.5,eric zeier+1995,eric zeier+Georgia,22,528,858,123.1,6921,8.066433566,8.094405594,48,21,285.8,80,18,2.2,2,3987,6945,314.5909091,1994,SEC,1995,3
23,4,99,JAX,Rob Johnson,QB,22,USC,1995,223,,,,,75.3,rob johnson+1995,rob johnson+USC,24,494,725,136,6129,8.453793103,8.952275862,44,12,312.1,148,-440,-6,2,3987,6490.4,255.375,1994,Pac-10,1995,3
24,4,111,MIN,Chad May,QB,,Kansas St.,1995,226,,,,,73.4,chad may+1995,chad may+Kansas State,22,385,688,112,5253,7.635174419,7.593895349,34,16,263.7,128,-362,-5.7,10,3987,5224.6,238.7727273,1994,Big 8,1995,4
25,4,119,PHI,Dave Barr,QB,23,California,1995,210,,,,,74.9,dave barr+1995,,,,,,,,,,,,,,,,,,,,,,
26,4,134,KAN,Steve Stenstrom,QB,23,Stanford,1995,199,5.08,28,,4.03,73.9,steve stenstrom+1995,steve stenstrom+Stanford,22,517,788,131.1,6449,8.184010152,8.138071066,43,20,294.9,113,-337,-5.9,3,3987,6412.8,293.1363636,1994,Pac-10,1995,3
27,5,160,GNB,Jay Barker,QB,,Alabama,1995,212,4.94,27,,4.31,74.4,jay barker+1995,jay barker+Alabama,12,139,226,61.5,1996,8.831858407,9.1,14,5,151.7,87,-143,-1.6,1,1994,2056.6,166.3333333,1994,SEC,1995,4
28,6,191,CAR,Jerry Colquitt,QB,,Tennessee,1995,,,,,,,jerry colquitt+1995,,,,,,,,,,,,,,,,,,,,,,
29,6,197,SDG,Craig Whelihan,QB,24,Pacific,1995,,,,,,,craig whelihan+1995,craig whelihan+Pacific,18,294,574,102.9,3713,6.468641115,5.854355401,26,19,226.4,75,-74,-1.7,3,3987,3360.4,206.2777778,1994,Big West,1995,3
30,7,213,CIN,John Walsh,QB,,BYU,1995,214,,,,,75,john walsh+1995,john walsh+Brigham Young,23,528,860,122.8,7439,8.65,8.453953488,57,29,299.3,160,-546,-6.8,3,3987,7270.4,323.4347826,1994,WAC,1995,4
31,2,42,STL,Tony Banks,QB,23,Michigan St.,1996,220,4.93,,,4.55,76.5,tony banks+1996,tony banks+Michigan State,20,301,496,121.4,4129,8.324596774,7.255645161,20,21,271.5,139,-24,-0.9,3,3989,3598.8,206.45,1995,Big Ten,1996,3
32,3,85,PHI,Bobby Hoying,QB,23,Ohio St.,1996,221,4.73,31,,4.16,75.3,bobby hoying+1996,bobby hoying+Ohio State,38,490,844,172.4,7174,8.5,8.007345972,56,34,421,163,-71,-2.6,4,5982,6758.2,188.7894737,1995,Big Ten,1996,3
33,4,100,DEN,Jeff Lewis,QB,23,Northern Arizona,1996,215,,,,,73.8,jeff lewis+1996,,,,,,,,,,,,,,,,,,,,,,
34,4,130,NYG,Danny Kanell,QB,22,Florida St.,1996,222,,,,,75.4,danny kanell+1996,danny kanell+Florida State,22,484,782,123.6,5738,7.337595908,7.111253197,49,26,274.6,46,-168,-6.9,1,3989,5561,260.8181818,1995,ACC,1996,3
35,6,203,PIT,Spence Fischer,QB,,Duke,1996,,,,,,,spence fischer+1996,spence fischer+Duke,33,673,1172,172.3,7516,6.412969283,5.716211604,40,36,350.8,174,147,2.4,6,5982,6699.4,227.7575758,1995,ACC,1996,4
36,6,205,IND,Mike Cawley,QB,,James Madison,1996,,,,,,,mike cawley+1996,,,,,,,,,,,,,,,,,,,,,,
37,7,238,BAL,Jon Stark,QB,,,1996,222,,,,,75.8,jon stark+1996,,,,,,,,,,,,,,,,,,,,,,
38,7,240,GNB,Kyle Wachholtz,QB,,USC,1996,233,5.14,25,,4.65,76.3,kyle wachholtz+1996,,,,,,,,,,,,,,,,,,,,,,
39,1,26,SFO,Jim Druckenmiller,QB,24,Virginia Tech,1997,234,,29,7.92,4.28,76.6,jim druckenmiller+1997,jim druckenmiller+Virginia Tech,22,293,544,108.2,4174,7.672794118,7.456985294,31,16,264.5,135,262,3.7,0,3991,4056.6,189.7272727,1996,Big East,1997,4
40,2,42,ARI,Jake Plummer,QB,22,Arizona St.,1997,195,4.96,30,7.3,4.29,74.3,jake plummer+1997,jake plummer+Arizona State,42,613,1107,220.1,8626,7.792231256,7.58464318,64,34,532.8,289,-113,-2.1,5,7978,8396.2,205.3809524,1996,Pac-10,1997,3
41,4,99,NOR,Danny Wuerffel,QB,23,Florida,1997,212,4.9,28,7.69,4.42,73.8,danny wuerffel+1997,danny wuerffel+Florida,46,708,1170,242.6,10875,9.294871795,9.619230769,114,42,646.4,185,-375,-8.2,8,7978,11254.5,236.4130435,1996,SEC,1997,3
42,4,110,KAN,Pat Barnes,QB,22,California,1997,212,,,,,75.1,pat barnes+1997,pat barnes+California,23,447,782,113.9,6184,7.907928389,8.074168798,48,19,276.2,142,-243,-3.9,2,3991,6314,268.8695652,1996,Pac-10,1997,3
43,6,171,NYG,Mike Cherry,QB,23,Murray St.,1997,222,5.11,28.5,7.8,4.38,75.9,mike cherry+1997,,,,,,,,,,,,,,,,,,,,,,
44,6,191,NYJ,Chuck Clements,QB,23,Houston,1997,211,4.98,31.5,7.69,4.36,74.6,chuck clements+1997,chuck clements+Houston,31,592,1030,171,6274,6.091262136,5.387669903,40,34,337.5,76,-175,-7.4,0,5984,5549.3,202.3870968,1996,CUSA,1997,4
45,7,204,ATL,Tony Graziani,QB,23,Oregon,1997,,,,,,,tony graziani+1997,,,,,,,,,,,,,,,,,,,,,,
46,7,207,PHI,Koy Detmer,QB,24,Colorado,1997,180,5.14,28.5,7.79,4.37,72.9,koy detmer+1997,koy detmer+Colorado,11,208,363,57.3,3156,8.694214876,8.4,22,12,143.7,36,-6,-0.2,3,1996,3049.2,286.9090909,1996,Big 12,1997,4
47,7,234,BAL,Wally Richardson,QB,23,Penn St.,1997,221,4.95,31,7.97,4.47,76.4,wally richardson+1997,wally richardson+Penn State,23,338,614,109.6,3930,6.400651466,6.163843648,25,14,233.6,69,-219,-6.4,0,3991,3784.6,170.8695652,1996,Big Ten,1997,3
48,7,237,SDG,Tony Corbin,QB,,Sacramento St.,1997,,,,,,,tony corbin+1997,,,,,,,,,,,,,,,,,,,,,,
49,7,240,GNB,Ron McAda,QB,,Army,1997,,,,,,,ron mcada+1997,,,,,,,,,,,,,,,,,,,,,,
50,1,1,IND,Peyton Manning,QB,22,Tennessee,1998,,,,,,,peyton manning hof+1998,,45,863,1381,62.5,11201,8.1,8.3,89,33,147.1,153,-181,-1.2,12,,,248.9111111,,SEC,,
51,1,2,SDG,Ryan Leaf,QB,22,Washington St.,1998,261,,,,,77.4,ryan leaf+1998,ryan leaf+Washington State,23,421,783,107.4,6779,8.657726692,8.718518519,55,23,286.2,151,-184,-2.6,12,3993,6826.6,294.7391304,1997,Pac-10,1998,3
52,2,60,DET,Charlie Batch,QB,23,East. Michigan,1998,216,4.89,33.5,7.6,4.11,73.9,charlie batch+1998,charlie batch+Eastern Michigan,22,491,855,114.9,6457,7.552046784,7.106081871,44,28,262.5,146,162,2.2,4,3992,6075.7,293.5,1997,MAC,1998,3
53,3,86,JAX,Jonathan Quinn,QB,23,Middle Tenn. St.,1998,,,,,,,jonathan quinn+1998,,,,,,,,,,,,,,,,,,,,,,3
54,3,91,DEN,Brian Griese,QB,23,Michigan,1998,,,,,,,brian griese+1998,brian griese+Michigan,22,293,492,118.1,3437,6.985772358,6.72601626,25,14,256.1,79,-70,-2.7,4,3992,3309.2,156.2272727,1997,Big Ten,1998,2
55,6,172,MIA,John Dutton,QB,,Nevada,1998,219,4.68,29,7.55,4.22,75.9,john dutton+1998,john dutton+Nevada,22,447,701,127.8,6276,8.952924394,9.380599144,42,12,310.5,71,-60,-2.2,2,3993,6575.8,285.2727273,1997,Big West,1998,4
56,6,187,GNB,Matt Hasselbeck,QB,22,Boston Col.,1998,,,,,,,matt hasselbeck+1998,matt hasselbeck+Boston College,21,359,635,113.4,4229,6.65984252,5.924409449,20,19,234.6,158,-190,-2.2,3,3993,3762,201.3809524,1997,Big East,1998,2
57,7,232,CHI,Moses Moreno,QB,23,Colorado St.,1998,,,,,,,moses moreno+1998,moses moreno+Colorado State,34,449,767,175.3,6617,8.627118644,8.332594524,49,27,434.4,161,-254,-6,4,5988,6391.1,194.6176471,1997,WAC,1998,4
58,1,1,CLE,Tim Couch,QB,22,Kentucky,1999,225,5.08,31,,4.34,76.1,tim couch+1999,tim couch+Kentucky,22,763,1100,138.7,8159,7.417272727,7.352454545,73,34,294.7,130,-249,-3.8,4,3995,8087.7,370.8636364,1998,SEC,1999,3
59,1,2,PHI,Donovan McNabb,QB,22,Syracuse,1999,223,4.64,33,7.3,4.38,74.3,donovan mcnabb+1999,donovan mcnabb+Syracuse,45,548,938,233.9,8389,8.943496802,9.353624733,77,26,620.3,465,1561,13.7,19,7986,8773.7,186.4222222,1998,Big East,1999,1
60,1,3,CIN,Akili Smith,QB,24,Oregon,1999,227,4.7,34,6.99,4.29,74.8,akili smith+1999,akili smith+Oregon,23,323,571,112,5148,9.015761821,9.428896673,45,15,293.9,171,367,4.3,6,3995,5383.9,223.826087,1998,Pac-10,1999,3
61,1,11,MIN,Daunte Culpepper,QB,22,Central Florida,1999,255,4.52,39,7.21,4.13,75.8,daunte culpepper+1999,daunte culpepper+UCF,33,721,1097,195.7,9341,8.515041021,8.500091158,72,32,455.7,371,1003,7.6,19,5991,9324.6,283.0606061,1998,Ind,1999,1
62,1,12,CHI,Cade McNown,QB,22,UCLA,1999,213,4.76,33.5,7.27,4.28,72.9,cade mcnown+1999,cade mcnown+UCLA,47,694,1250,220.8,10708,8.5664,8.17608,68,41,548.7,313,577,7.8,16,7986,10220.1,227.8297872,1998,Pac-10,1999,3
63,2,50,TAM,Shaun King,QB,22,Tulane,1999,221,4.77,33,,4.29,72,shaun king+1999,shaun king+Tulane,34,577,1002,170.4,7649,7.633732535,7.825449102,70,27,408.3,323,1168,8.6,17,5991,7841.1,224.9705882,1998,CUSA,1999,2
64,3,77,SEA,Brock Huard,QB,23,Washington,1999,227,5.12,30.5,7.44,4.44,77,brock huard+1999,brock huard+Washington,30,422,776,162.9,5742,7.399484536,7.12757732,51,27,399,114,-39,-1.6,3,5991,5531,191.4,1998,Pac-10,1999,3
65,4,101,STL,Joe Germaine,QB,24,Ohio St.,1999,211,4.8,32,7.18,4.21,73.3,joe germaine+1999,joe germaine+Ohio State,25,359,594,121.3,5177,8.715488215,8.917171717,41,16,302.5,94,-215,-5.4,0,3995,5296.8,207.08,1998,Big Ten,1999,4
66,4,131,GNB,Aaron Brooks,QB,23,Virginia,1999,203,4.59,35.5,7.52,4.29,75.5,aaron brooks+1999,aaron brooks+Virginia,22,320,560,114.5,4601,8.216071429,8.075,32,16,279.4,169,482,5.7,10,3995,4522,209.1363636,1998,ACC,1999,2
67,5,151,TEN,Kevin Daft,QB,,UC Davis,1999,203,4.91,32.5,7.39,4.37,73.8,kevin daft+1999,,,,,,,,,,,,,,,,,,,,,,
68,7,227,NWE,Michael Bishop,QB,23,Kansas St.,1999,205,4.85,33,7.63,4.62,73,michael bishop+1999,michael bishop+Kansas State,23,244,480,98.8,4401,9.16875,9.436458333,36,13,287.4,324,1314,8.1,23,3995,4529.5,191.3478261,1998,Big 12,1999,4
69,7,239,ARI,Chris Greisen,QB,23,NW Missouri St.,1999,223,5.06,30.5,7.29,4.33,74.5,chris greisen+1999,,,,,,,,,,,,,,,,,,,,,,
70,7,245,CIN,Scott Covington,QB,23,Miami (FL),1999,219,4.67,34,7.62,4.42,74.1,scott covington+1999,scott covington+Miami (FL),11,159,270,58.9,2301,8.522222222,8.6,19,8,147.8,45,-192,-4.3,0,1998,2322,209.1818182,1998,Big East,1999,4
71,1,18,NYJ,Chad Pennington,QB,24,Marshall,2000,229,4.81,33.5,7.12,4.16,75,chad pennington+2000,chad pennington+Marshall,38,848,1334,191.4,11446,8.580209895,9.163043478,107,30,474.7,168,61,1,4,5994,12223.5,301.2105263,1999,MAC,2000,2
72,3,65,SFO,Giovanni Carmazzi,QB,,Hofstra,2000,224,4.74,36.5,6.94,4.23,75,giovanni carmazzi+2000,,,,,,,,,,,,,,,,,,,,,,
73,3,75,BAL,Chris Redman,QB,23,Louisville,2000,222,5.37,26.5,7.8,4.78,75,chris redman+2000,chris redman+Louisville,43,1031,1679,241.7,12541,7.46932698,7.070399047,84,51,527.3,167,-412,-10,3,7990,11871.2,291.6511628,1999,CUSA,2000,3
74,5,163,PIT,Tee Martin,QB,22,Tennessee,2000,227,4.58,34.5,,,74,tee martin+2000,tee martin+Tennessee,23,318,572,111.4,4481,7.833916084,7.753496503,31,15,269.4,184,604,6.7,16,3997,4435,194.826087,1999,SEC,2000,4
75,6,168,NOR,Marc Bulger,QB,23,West Virginia,2000,208,4.97,,7.46,4.34,74,marc bulger+2000,,,,,,,,,,,,,,,,,,,,,,
76,6,183,CLE,Spergon Wynn,QB,22,Texas St.,2000,229,4.91,34,7.71,4.59,75,spergon wynn+2000,,,,,,,,,,,,,,,,,,,,,,4
77,6,199,NWE,Tom Brady,QB,23,Michigan,2000,211,5.28,24.5,7.2,4.38,76,tom brady+2000,tom brady+Michigan,23,380,618,122.9,4644,7.514563107,7.334142395,30,16,271.1,88,-136,-2.8,3,3997,4532.5,201.9130435,1999,Big Ten,2000,1
78,6,202,WAS,Todd Husak,QB,22,Stanford,2000,216,5.2,27.5,7.17,4.41,75,todd husak+2000,todd husak+Stanford,21,409,755,109.2,5780,7.655629139,7.530331126,35,18,262.2,78,-63,-1.3,3,3997,5685.4,275.2380952,1999,Pac-10,2000,4
79,6,205,SDG,JaJuan Seider,QB,,Florida A&M,2000,,,,,,,jajuan seider+2000,,,,,,,,,,,,,,,,,,,,,,
80,7,212,SFO,Tim Rattay,QB,23,Louisiana Tech,2000,215,4.91,25.5,7.34,4.21,72,tim rattay+2000,tim rattay+Louisiana Tech,33,1015,1552,195.7,12746,8.212628866,8.655412371,115,35,461.8,153,-103,-2.8,2,5994,13433.2,386.2424242,1999,Ind,2000,3
81,7,214,DEN,Jarious Jackson,QB,23,Notre Dame,2000,226,4.68,,,,72,jarious jackson+2000,jarious jackson+Notre Dame,23,288,504,113.5,4493,8.91468254,8.322222222,30,20,289.8,253,905,7.2,10,3997,4194.4,195.3478261,1999,Ind,2000,4
82,7,234,TAM,Joe Hamilton,QB,23,Georgia Tech,2000,192,4.81,,,,70,joe hamilton+2000,joe hamilton+Georgia Tech,43,629,1020,244.6,8882,8.707843137,8.279215686,65,39,579.2,501,1758,13.5,18,7990,8444.8,206.5581395,1999,ACC,2000,4
83,1,1,ATL,Michael Vick,QB,21,Virginia Tech,2001,210,4.33,,,,72,michael vick+2001,,,,,,,,,,,,,,,,,,,,,,1
84,2,32,SDG,Drew Brees,QB,22,Purdue,2001,213,4.83,32,7.09,4.21,72,drew brees+2001,drew brees+Purdue,37,1007,1635,184.6,11560,7.070336391,6.961712538,90,44,401.1,243,891,10.5,12,5997,11382.4,312.4324324,2000,Big Ten,2001,1
85,2,53,DAL,Quincy Carter,QB,23,Georgia,2001,225,4.58,35.5,7.12,4.12,74,quincy carter+2001,,,,,,,,,,,,,,,,,,,,,,3
86,2,59,OAK,Marques Tuiasosopo,QB,22,Washington,2001,223,4.71,35.5,7.36,4.35,73,marques tuiasosopo+2001,marques tuiasosopo+Washington,22,341,618,110.6,4367,7.066343042,6.334142395,26,22,243.1,264,935,7,12,3999,3914.5,198.5,2000,Pac-10,2001,4
87,4,106,CAR,Chris Weinke,QB,29,Florida St.,2001,226,5.2,,,,76,chris weinke+2001,chris weinke+Florida State,33,643,1094,173.9,9757,8.918647166,9.080438757,77,31,449.7,108,-374,-10.3,2,5997,9934,295.6666667,2000,ACC,2001,3
88,4,109,WAS,Sage Rosenfels,QB,23,Iowa St.,2001,228,4.74,34,7.07,4.29,76,sage rosenfels+2001,sage rosenfels+Iowa State,22,299,568,105.7,4079,7.181338028,6.006866197,18,23,232.7,158,606,7.7,14,3999,3411.9,185.4090909,2000,Big 12,2001,3
89,4,125,NYG,Jesse Palmer,QB,22,Florida,2001,231,4.78,35.5,7.13,4.29,74,jesse palmer+2001,jesse palmer+Florida,10,116,223,52,1653,7.412556054,7.6,11,4,127,36,-51,-1.4,6,2000,1694.8,165.3,2000,SEC,2001,3
90,5,149,DET,Mike McMahon,QB,22,Rutgers,2001,207,4.57,37.5,7.12,4.12,74,mike mcmahon+2001,mike mcmahon+Rutgers,30,416,828,150.6,5619,6.786231884,5.226086957,36,45,329.1,179,193,2.8,7,5995,4327.2,187.3,2000,Big East,2001,3
91,5,155,PHI,A.J. Feeley,QB,24,Oregon,2001,,,,,,,a.j. feeley+2001,,,,,,,,,,,,,,,,,,,,,,
92,6,172,SEA,Josh Booty,QB,,LSU,2001,221,4.9,29.5,7.54,4.48,74,josh booty+2001,josh booty+LSU,20,307,623,98.6,3951,6.341894061,4.649919743,24,34,210.7,53,-83,-3.1,0,3999,2896.9,197.55,2000,SEC,2001,4
93,6,177,MIA,Josh Heupel,QB,,Oklahoma,2001,215,4.85,37.5,7.18,4.15,74,josh heupel+2001,josh heupel+Oklahoma,24,615,972,126.6,7066,7.269547325,6.945679012,50,30,270.3,130,69,-0.1,12,3999,6751.2,294.4166667,2000,Big 12,2001,4
94,1,1,HOU,David Carr,QB,23,Fresno St.,2002,223,4.67,35,7.05,4.28,75,david carr+2002,david carr+Fresno State,25,538,849,125.9,7177,8.453474676,8.883392226,64,20,301.3,159,147,1.9,9,4001,7542,287.08,2001,WAC,2002,3
95,1,3,DET,Joey Harrington,QB,23,Oregon,2002,215,4.89,32,7,4.21,76,joey harrington+2002,joey harrington+Oregon,24,428,769,111.6,5731,7.452535761,7.562678804,49,20,269.2,121,180,2.9,14,4001,5815.7,238.7916667,2001,Pac-10,2002,3
96,1,32,WAS,Patrick Ramsey,QB,23,Tulane,2002,219,5.24,33.5,7.12,4.09,74,patrick ramsey+2002,patrick ramsey+Tulane,32,795,1350,176.4,9178,6.798518519,6.135703704,71,51,378.8,148,-123,-2.2,4,6000,8283.2,286.8125,2001,CUSA,2002,3
97,3,81,ARI,Josh McCown,QB,23,Sam Houston St.,2002,221,4.59,38.5,6.85,3.9,76,josh mccown+2002,,,,,,,,,,,,,,,,,,,,,,
98,4,108,JAX,David Garrard,QB,24,East Carolina,2002,235,4.82,33.5,7.35,4.26,74,david garrard+2002,david garrard+East Carolina,44,666,1169,228.8,9029,7.723695466,7.236184773,60,39,530.3,516,1209,9.3,21,7998,8459.1,205.2045455,2001,CUSA,2002,2
99,4,117,NWE,Rohan Davey,QB,24,LSU,2002,245,4.74,,,,74,rohan davey+2002,rohan davey+LSU,12,217,367,59.1,3347,9.119891008,8.9,18,10,146.5,38,4,0.1,0,2001,3266.3,278.9166667,2001,SEC,2002,4
100,5,137,CAR,Randy Fasani,QB,23,Stanford,2002,224,4.77,31.5,6.75,3.87,75,randy fasani+2002,,,,,,,,,,,,,,,,,,,,,,4
101,5,158,ATL,Kurt Kittner,QB,22,Illinois,2002,221,4.86,27,7.34,4.5,74,kurt kittner+2002,kurt kittner+Illinois,33,596,1067,168,7678,7.195876289,7.34742268,65,26,394.1,149,140,2.5,5,6000,7839.7,232.6666667,2001,Big Ten,2002,4
102,5,163,SFO,Brandon Doman,QB,,BYU,2002,210,4.81,32.5,6.9,4.08,74,brandon doman+2002,brandon doman+Brigham Young,13,261,408,64,3542,8.681372549,9.4,33,8,159.7,141,503,3.6,8,2001,3835.2,272.4615385,2001,MWC,2002,4
103,5,164,GNB,Craig Nall,QB,23,LSU,2002,,,,,,,craig nall+2002,,,,,,,,,,,,,,,,,,,,,,
104,6,186,NOR,J.T. O'Sullivan,QB,23,UC Davis,2002,223,4.88,29,7.46,4.28,74,j.t. o'sullivan+2002,,,,,,,,,,,,,,,,,,,,,,
105,6,205,STL,Steve Bellisari,QB,,Ohio St.,2002,,,,,,,steve bellisari+2002,steve bellisari+Ohio State,33,362,719,150.7,5534,7.696801113,6.842837274,33,28,369.6,295,608,5.9,5,6000,4920,167.6969697,2001,Big Ten,2002,4
106,7,216,SDG,Seth Burford,QB,,Cal Poly-San Luis Obispo,2002,,,,,,,seth burford+2002,,,,,,,,,,,,,,,,,,,,,,
107,7,232,SEA,Jeff Kelly,QB,23,Southern Miss,2002,,,,,,,jeff kelly+2002,jeff kelly+Southern Mississippi,33,565,963,176,7056,7.327102804,6.872170301,51,32,396.4,293,28,-0.5,8,6000,6617.9,213.8181818,2001,CUSA,2002,4
108,7,236,BAL,Wes Pate,QB,,S.F. Austin,2002,,,,,,,wes pate+2002,,,,,,,,,,,,,,,,,,,,,,
109,1,1,CIN,Carson Palmer,QB,23,USC,2003,232,4.65,,,,77,carson palmer+2003,carson palmer+USC,50,888,1516,232,11328,7.472295515,7.015501319,69,46,514.1,248,-199,-4.4,8,8001,10635.5,226.56,2002,Pac-10,2003,1
110,1,7,JAX,Byron Leftwich,QB,23,Marshall,2003,241,4.85,,,,77,byron leftwich+2003,byron leftwich+Marshall,36,925,1418,195.5,11758,8.291960508,8.716361072,89,26,455.1,183,174,2.4,6,6003,12359.8,326.6111111,2002,MAC,2003,2
111,1,19,BAL,Kyle Boller,QB,22,California,2003,234,4.61,35.5,7.2,4.02,75,kyle boller+2003,kyle boller+California,43,622,1301,188,7980,6.133743274,5.442505765,64,48,422.3,275,-169,-2.8,6,8002,7080.7,185.5813953,2002,Pac-10,2003,3
112,1,22,CHI,Rex Grossman,QB,23,Florida,2003,217,5.06,,,,73,rex grossman+2003,rex grossman+Florida,35,677,1110,184.5,9164,8.255855856,8.17018018,77,36,454.1,119,-133,-3.7,6,6003,9068.9,261.8285714,2002,SEC,2003,3
113,3,88,HOU,Dave Ragone,QB,23,Louisville,2003,249,4.99,30.5,7.42,4.36,76,dave ragone+2003,dave ragone+Louisville,36,684,1178,175,8557,7.264006791,7.418251273,74,29,407.3,324,566,5.1,9,6003,8738.7,237.6944444,2002,CUSA,2003,4
114,3,97,TAM,Chris Simms,QB,23,Texas,2003,220,4.84,31,7.38,4.21,76,chris simms+2003,chris simms+Texas,25,449,758,118.4,5810,7.664907652,7.522427441,48,23,276.5,122,-134,-2,10,4003,5702,232.4,2002,Big 12,2003,3
115,4,110,SEA,Seneca Wallace,QB,23,Iowa St.,2003,196,4.56,38,6.98,4.14,71,seneca wallace+2003,seneca wallace+Iowa State,25,411,712,117.2,5289,7.428370787,6.464466292,26,27,252.4,237,912,7.8,15,4003,4602.7,211.56,2002,Big 12,2003,3
116,5,163,PIT,Brian St. Pierre,QB,23,Boston Col.,2003,,,,,,,brian st. pierre+2003,brian st. pierre+Boston College,24,386,686,111.6,4999,7.287172012,6.747376093,43,27,262.5,135,343,5.1,1,4003,4628.7,208.2916667,2002,Big East,2003,4
117,6,192,HOU,Drew Henson,QB,23,Michigan,2003,,,,,,,drew henson+2003,,,,,,,,,,,,,,,,,,,,,,
118,6,200,NYJ,Brooks Bollinger,QB,23,Wisconsin,2003,,,,,,,brooks bollinger+2003,brooks bollinger+Wisconsin,25,241,454,106.1,3237,7.129955947,7.093612335,24,11,250.5,317,925,5.8,14,4002,3220.5,129.48,2002,Big Ten,2003,4
119,6,201,NWE,Kliff Kingsbury,QB,24,Texas Tech,2003,213,4.77,30,6.92,4.1,75,kliff kingsbury+2003,kliff kingsbury+Texas Tech,37,1206,1826,198.2,11937,6.537239869,6.592387733,91,39,397.5,246,-143,-1.6,4,6003,12037.7,322.6216216,2002,Big 12,2003,4
120,7,232,WAS,Gibran Hamdan,QB,22,Indiana,2003,,,,,,,gibran hamdan+2003,gibran hamdan+Indiana,12,152,293,51.9,2115,7.218430034,5.7,9,14,113.1,55,-52,-0.9,1,2002,1670.1,176.25,2002,Big Ten,2003,4
121,7,241,SFO,Ken Dorsey,QB,22,Miami (FL),2003,208,4.7,,,,77,ken dorsey+2003,ken dorsey+Miami (FL),35,594,1033,172.8,8758,8.47821878,8.818586641,76,26,444.3,51,-59,-2.8,1,6003,9109.6,250.2285714,2002,Big East,2003,3
122,1,1,SDG,Eli Manning,QB,23,Mississippi,2004,221,4.9,,,,77,eli manning+2004,eli manning+Ole Miss,37,813,1330,183.9,9949,7.480451128,7.561954887,81,34,418.5,121,-139,-3.4,5,6006,10057.4,268.8918919,2003,SEC,2004,2
123,1,4,NYG,Philip Rivers,QB,22,North Carolina St.,2004,229,5.08,,,,77,philip rivers+2004,philip rivers+North Carolina State,49,1087,1710,253.6,13484,7.885380117,8.095614035,95,34,572.5,252,96,1.4,17,8006,13843.5,275.1836735,2003,ACC,2004,1
124,1,11,PIT,Ben Roethlisberger,QB,22,Miami (OH),2004,241,4.75,,,,77,ben roethlisberger+2004,ben roethlisberger+Miami (OH),38,854,1304,195.7,10829,8.304447853,8.381211656,84,34,451,269,246,2.6,7,6006,10929.1,284.9736842,2003,MAC,2004,1
125,1,22,BUF,J.P. Losman,QB,23,Tulane,2004,224,4.73,33,,,74,j.p. losman+2004,j.p. losman+Tulane,25,481,823,116.9,5545,6.737545565,6.717861482,52,24,259.6,165,99,1.2,8,4005,5528.8,221.8,2003,CUSA,2004,3
126,3,90,ATL,Matt Schaub,QB,23,Virginia,2004,243,5.04,30.5,7.65,4.62,78,matt schaub+2004,matt schaub+Virginia,37,709,1061,196.9,7452,7.023562677,7.019698398,56,25,407.3,129,59,0.1,5,6006,7447.9,201.4054054,2003,ACC,2004,4
127,4,106,CLE,Luke McCown,QB,23,Louisiana Tech,2004,208,4.71,37.5,6.74,4.21,76,luke mccown+2004,luke mccown+Louisiana Tech,35,819,1406,174.6,10122,7.199146515,6.64601707,66,47,383.1,219,94,1.1,7,6006,9344.3,289.2,2003,WAC,2004,3
128,5,148,CHI,Craig Krenzel,QB,23,Ohio St.,2004,228,4.84,28,7.22,4.08,75,craig krenzel+2004,craig krenzel+Ohio State,25,301,527,114.4,4150,7.874762808,7.461480076,27,17,268.2,234,623,5.2,6,4005,3932.2,166,2003,Big Ten,2004,4
129,6,185,PHI,Andy Hall,QB,23,Delaware,2004,,,,,,,andy hall+2004,,,,,,,,,,,,,,,,,,,,,,
130,6,187,BAL,Josh Harris,QB,,Bowling Green,2004,238,4.78,31,,,73,josh harris+2004,josh harris+Bowling Green State,26,523,847,121.9,6238,7.364817001,7.199881936,46,23,269.1,401,1567,7.9,33,4005,6098.3,239.9230769,2003,MAC,2004,4
131,6,193,IND,Jim Sorgi,QB,23,Wisconsin,2004,,,,,,,jim sorgi+2004,jim sorgi+Wisconsin,12,140,248,56.5,2251,9.076612903,8.8,17,9,148.1,67,-10,-0.1,2,2003,2182.4,187.5833333,2003,Big Ten,2004,4
132,6,201,STL,Jeff Smoker,QB,,Michigan St.,2004,223,4.95,26.5,7.65,4.36,75,jeff smoker+2004,jeff smoker+Michigan State,33,571,947,177.6,7339,7.749736008,7.371172122,48,29,408.6,217,-179,-2.6,7,6004,6980.5,222.3939394,2003,Big Ten,2004,4
133,7,202,ARI,John Navarre,QB,23,Michigan,2004,246,5.19,26.5,7.73,4.46,78,john navarre+2004,john navarre+Michigan,37,704,1250,168.4,8431,6.7448,6.70624,62,29,372.1,133,-207,-4.5,2,6006,8382.8,227.8648649,2003,Big Ten,2004,4
134,7,217,SFO,Cody Pickett,QB,24,Washington,2004,233,4.79,30.5,7.19,4.3,75,cody pickett+2004,cody pickett+Washington,35,791,1367,172.3,9904,7.24506218,6.702560351,53,41,374.4,249,-186,-2.3,11,6006,9162.4,282.9714286,2003,Pac-10,2004,3
135,7,218,CIN,Casey Bramlet,QB,,Wyoming,2004,,,,,,,casey bramlet+2004,casey bramlet+Wyoming,35,743,1321,168.5,9396,7.112793338,6.330355791,55,47,367.6,288,-87,-0.9,14,6006,8362.4,268.4571429,2003,MWC,2004,4
136,7,225,DEN,Matt Mauck,QB,25,LSU,2004,228,4.79,,,,74,matt mauck+2004,matt mauck+LSU,14,229,358,64,2825,7.891061453,7.7,28,14,148.2,79,97,1.2,1,2003,2756.6,201.7857143,2003,SEC,2004,4
137,7,248,HOU,B.J. Symons,QB,,Texas Tech,2004,210,4.9,,,,72,b.j. symons+2004,b.j. symons+Texas Tech,13,470,719,65.4,5833,8.112656467,8.2,52,22,151.3,79,143,1.8,5,2003,5895.8,448.6923077,2003,Big 12,2004,4
138,7,250,DEN,Bradlee Van Pelt,QB,24,Colorado St.,2004,231,4.98,33.5,6.89,4.11,74,bradlee van pelt+2004,bradlee van pelt+Colorado State,38,424,778,161.4,6165,7.924164524,7.127892031,37,30,378.7,420,2274,16.3,25,6006,5545.5,162.2368421,2003,MWC,2004,4
139,1,1,SFO,Alex Smith,QB,21,Utah,2005,217,4.71,32,6.82,3.96,76,alex smith+2005,alex smith+Utah,23,387,583,132.5,5199,8.917667238,10.02435678,47,7,328.8,284,1083,7.7,15,4007,5844.2,226.0434783,2004,MWC,2005,3
140,1,24,GNB,Aaron Rodgers,QB,21,California,2005,223,4.71,34.5,7.38,,74,aaron rodgers+2005,aaron rodgers+California,25,424,665,127.7,5469,8.22406015,8.657443609,43,13,300.9,160,336,4.1,8,4007,5757.2,218.76,2004,Pac-10,2005,1
141,1,25,WAS,Jason Campbell,QB,23,Auburn,2005,230,4.71,,,,77,jason campbell+2005,jason campbell+Auburn,26,369,563,131.4,4967,8.822380107,8.686678508,30,15,305.5,131,29,0.5,4,4007,4890.6,191.0384615,2004,SEC,2005,2
142,3,67,CLE,Charlie Frye,QB,24,Akron,2005,225,4.79,33,6.94,4.08,76,charlie frye+2005,charlie frye+Akron,46,913,1436,253,11049,7.694289694,7.597005571,64,32,549.5,375,429,4.1,19,8010,10909.3,240.1956522,2004,MAC,2005,3
143,3,69,OAK,Andrew Walter,QB,23,Arizona St.,2005,233,4.86,,,,78,andrew walter+2005,andrew walter+Arizona State,37,739,1330,166.5,10071,7.572180451,7.673759398,82,34,402.8,147,-453,-9.6,0,6009,10206.1,272.1891892,2004,Pac-10,2005,4
144,3,85,SEA,David Greene,QB,,Georgia,2005,226,4.78,31.5,7,4.1,75,david greene+2005,david greene+Georgia,51,849,1440,235.6,11528,8.005555556,7.987916667,72,32,557.5,204,-258,-5.4,5,8010,11502.6,226.0392157,2004,SEC,2005,4
145,4,106,CHI,Kyle Orton,QB,22,Purdue,2005,233,5.06,26.5,7.38,4.52,76,kyle orton+2005,kyle orton+Purdue,37,679,1120,181.9,8232,7.35,7.572767857,59,21,407,235,396,4.6,6,6009,8481.5,222.4864865,2004,Big Ten,2005,3
146,4,121,CAR,Stefan Lefors,QB,,Louisville,2005,208,4.56,31,7.03,4.09,72,stefan lefors+2005,stefan lefors+Louisville,25,408,614,134.8,5741,9.350162866,9.588273616,37,13,327.2,142,738,10.4,6,4007,5887.2,229.64,2004,CUSA,2005,4
147,5,145,DET,Dan Orlovsky,QB,22,Connecticut,2005,225,4.93,29.5,7.33,4.39,77,dan orlovsky+2005,dan orlovsky+Connecticut,46,916,1567,229.7,10706,6.832163369,6.460306318,84,51,494.2,143,-285,-8.2,6,8010,10123.3,232.7391304,2004,Big East,2005,3
148,5,152,NOR,Adrian McPherson,QB,,Florida St.,2005,218,4.71,34.5,6.93,4.08,75,adrian mcpherson+2005,,,,,,,,,,,,,,,,,,,,,,
149,6,213,BAL,Derek Anderson,QB,22,Oregon St.,2005,242,5.03,29,7.67,4.62,78,derek anderson+2005,derek anderson+Oregon State,38,751,1474,152.4,10986,7.453188602,6.886906377,78,54,370.8,177,-508,-9.3,8,6009,10151.3,289.1052632,2004,Pac-10,2005,4
150,7,229,KAN,James Kilian,QB,,Tulsa,2005,,,,,,,james kilian+2005,james kilian+Tulsa,25,372,668,111.4,4464,6.682634731,5.894610778,35,27,242.1,283,887,6.4,15,4007,3937.6,178.56,2004,WAC,2005,4
151,7,230,NWE,Matt Cassel,QB,23,USC,2005,,,,,,,matt cassel+2005,,,,,,,,,,,,,,,,,,,,,,
152,7,250,STL,Ryan Fitzpatrick,QB,22,Harvard,2005,232,4.86,30.5,7.09,4.07,74,ryan fitzpatrick+2005,,,,,,,,,,,,,,,,,,,,,,3
153,1,3,TEN,Vince Young,QB,23,Texas,2006,229,4.48,,,,77,vince young+2006,vince young+Texas,25,360,575,124.4,4885,8.495652174,8.208695652,38,21,292.3,322,2129,13.3,26,4009,4720,195.4,2005,Big 12,2006,3
154,1,10,ARI,Matt Leinart,QB,23,USC,2006,223,4.9,,,,77,matt leinart+2006,matt leinart+USC,39,807,1245,194.4,10693,8.58875502,9.329879518,99,23,478.7,132,-70,-2.1,9,6012,11615.7,274.1794872,2005,Pac-10,2006,3
155,1,11,DEN,Jay Cutler,QB,23,Vanderbilt,2006,226,4.77,,7.1,4.26,75,jay cutler+2006,jay cutler+Vanderbilt,45,710,1242,225.9,8697,7.002415459,6.648953301,59,36,501,453,1256,11,17,8014,8258,193.2666667,2005,SEC,2006,1
156,2,49,NYJ,Kellen Clemens,QB,23,Oregon,2006,224,4.89,,,,74,kellen clemens+2006,,,,,,,,,,,,,,,,,,,,,,
157,2,64,MIN,Tarvaris Jackson,QB,23,Alabama St.,2006,226,4.69,31.5,7.4,4.38,74,tarvaris jackson+2006,,,,,,,,,,,,,,,,,,,,,,3
158,3,81,SDG,Charlie Whitehurst,QB,24,Clemson,2006,223,4.75,33,7,4.11,77,charlie whitehurst+2006,charlie whitehurst+Clemson,35,694,1154,180,8111,7.028596187,6.125996534,39,40,366.4,223,118,1.5,8,6012,7069.4,231.7428571,2005,ACC,2006,2
159,3,85,KAN,Brodie Croyle,QB,23,Alabama,2006,205,4.88,30.5,7.34,4.25,74,brodie croyle+2006,brodie croyle+Alabama,24,384,680,113,4802,7.061764706,6.8475,30,17,250.8,136,-148,-2.3,1,4008,4656.3,200.0833333,2005,SEC,2006,3
160,4,103,NYJ,Brad Smith,QB,22,Missouri,2006,,,,,,,brad smith+2006,brad smith+Missouri,47,818,1454,225.4,8644,5.944979367,5.724277854,56,32,458.1,779,4193,21.2,44,8014,8323.1,183.9148936,2005,Big 12,2006,4
161,5,148,GNB,Ingle Martin,QB,24,Furman,2006,220,4.71,36,7.13,4.17,74,ingle martin+2006,,,,,,,,,,,,,,,,,,,,,,
162,5,164,PIT,Omar Jacobs,QB,,Bowling Green,2006,232,4.84,32.5,7.47,4.29,76,omar jacobs+2006,omar jacobs+Bowling Green State,21,504,783,127.6,6593,8.420178799,9.467049808,67,11,318.1,135,362,4.8,5,4009,7412.7,313.952381,2005,MAC,2006,3
163,6,193,CIN,Reggie McNeal,QB,22,Texas A&M,2006,198,4.4,32,6.96,4.25,74,reggie mcneal+2006,reggie mcneal+Texas A&M,34,454,830,162.4,6536,7.874698795,7.718674699,38,20,390.5,374,1752,14.6,15,6012,6406.5,192.2352941,2005,Big 12,2006,4
164,6,194,TAM,Bruce Gradkowski,QB,23,Toledo,2006,217,4.59,34,7.12,4.16,73,bruce gradkowski+2006,bruce gradkowski+Toledo,36,764,1120,203.7,9197,8.211607143,8.657142857,85,27,470.5,243,986,12.4,14,6012,9696,255.4722222,2005,MAC,2006,3
165,7,223,ATL,D.J. Shockley,QB,,Georgia,2006,214,4.56,37.5,7.07,4.17,73,d.j. shockley+2006,d.j. shockley+Georgia,12,173,310,55.8,2588,8.348387097,9.2,24,5,148.3,78,322,4.1,4,2005,2852,215.6666667,2005,SEC,2006,4
166,1,1,OAK,JaMarcus Russell,QB,22,LSU,2007,265,4.83,,,,77,jamarcus russell+2007,jamarcus russell+LSU,25,420,653,128.3,5572,8.532924962,8.652220521,43,17,303.6,113,120,2.3,3,4011,5649.9,222.88,2006,SEC,2007,3
167,1,22,CLE,Brady Quinn,QB,22,Notre Dame,2007,232,4.73,,,,76,brady quinn+2007,brady quinn+Notre Dame,49,929,1602,228.2,11762,7.342072409,7.402247191,95,39,524.5,254,182,2.6,6,8018,11858.4,240.0408163,2006,Ind,2007,3
168,2,36,PHI,Kevin Kolb,QB,23,Houston,2007,218,4.85,32.5,6.94,4.44,75,kevin kolb+2007,kevin kolb+Houston,50,964,1565,245.3,12964,8.28370607,8.486709265,85,31,578.7,472,751,6.2,21,8018,13281.7,259.28,2006,CUSA,2007,3
169,2,40,MIA,John Beck,QB,26,BYU,2007,215,4.75,29.5,6.81,4.17,74,john beck+2007,john beck+Brigham Young,35,812,1273,189.8,10157,7.978790259,8.103849175,74,29,435.2,213,17,0.2,8,6015,10316.2,290.2,2006,MWC,2007,4
170,2,43,DET,Drew Stanton,QB,23,Michigan St.,2007,226,4.75,30.5,6.77,4.41,75,drew stanton+2007,drew stanton+Michigan State,32,541,843,191.8,6485,7.692763938,7.184697509,42,28,409.9,327,1470,14,14,6015,6056.7,202.65625,2006,Big Ten,2007,3
171,3,92,BUF,Trent Edwards,QB,23,Stanford,2007,231,4.76,,7.14,4.46,76,trent edwards+2007,,,,,,,,,,,,,,,,,,,,,,3
172,4,103,DAL,Isaiah Stanback,QB,23,Washington,2007,216,4.6,,,,74,isaiah stanback+2007,,,,,,,,,,,,,,,,,,,,,,
173,5,151,CIN,Jeff Rowe,QB,23,Nevada,2007,226,4.91,29.5,7.16,4.42,77,jeff rowe+2007,jeff rowe+Nevada,36,643,1049,185.1,7465,7.116301239,6.835653003,53,30,398.8,289,581,6,13,6015,7170.6,207.3611111,2006,WAC,2007,4
174,5,174,BAL,Troy Smith,QB,23,Ohio St.,2007,225,4.72,,,,72,troy smith+2007,troy smith+Ohio State,24,352,548,128.2,4824,8.802919708,9.632481752,46,10,324.6,208,815,7.3,12,4011,5278.6,201,2006,Big Ten,2007,4
175,6,205,WAS,Jordan Palmer,QB,23,Texas-El Paso,2007,231,4.98,30.5,7.32,4.58,78,jordan palmer+2007,jordan palmer+UTEP,46,851,1427,232.8,11084,7.767344078,6.968815697,88,64,524.2,216,-43,-1.5,7,8018,9944.5,240.9565217,2006,CUSA,2007,4
176,7,217,MIN,Tyler Thigpen,QB,23,Coastal Carolina,2007,,,,,,,tyler thigpen+2007,,,,,,,,,,,,,,,,,,,,,,
177,1,3,ATL,Matt Ryan,QB,23,Boston Col.,2008,228,4.89,,7.4,4.51,77,matt ryan+2008,matt ryan+Boston College,36,772,1276,183,8963,7.024294671,6.637539185,54,34,389.1,156,61,1.8,11,6018,8469.5,248.9722222,2007,ACC,2008,1
178,1,18,BAL,Joe Flacco,QB,23,Delaware,2008,236,4.84,28.5,6.82,4.27,78,joe flacco+2008,,,,,,,,,,,,,,,,,,,,,,2
179,2,56,GNB,Brian Brohm,QB,22,Louisville,2008,230,4.81,30,7.13,4.55,75,brian brohm+2008,brian brohm+Louisville,33,714,1087,197.5,9956,9.159153634,9.41849126,65,22,478.2,145,-37,-0.7,7,6018,10237.9,301.6969697,2007,Big East,2008,4
180,2,57,MIA,Chad Henne,QB,23,Michigan,2008,230,4.92,25.5,7.17,4.4,75,chad henne+2008,chad henne+Michigan,47,828,1387,238.8,9715,7.004325883,7.067627974,87,37,536.1,180,-315,-8.8,3,8022,9802.8,206.7021277,2007,Big Ten,2008,3
181,3,94,NWE,Kevin O'Connell,QB,23,San Diego St.,2008,225,4.61,31,7.01,4.38,77,kevin o'connell+2008,kevin o'connell+San Diego State,33,605,1050,169.3,7054,6.718095238,6.292285714,43,29,357.9,348,1157,10.7,17,6016,6606.9,213.7575758,2007,MWC,2008,3
182,5,137,MIN,John David Booty,QB,,USC,2008,,,,,,,john david booty+2008,john david booty+USC,23,484,776,124.9,5708,7.355670103,7.618041237,52,19,282,56,-159,-6.2,2,4013,5911.6,248.173913,2007,Pac-10,2008,4
183,5,156,PIT,Dennis Dixon,QB,23,Oregon,2008,195,4.58,,,,75,dennis dixon+2008,dennis dixon+Oregon,22,369,576,128.9,4279,7.428819444,7.119791667,32,18,281.9,199,1025,10.3,11,4013,4101,194.5,2007,Pac-10,2008,4
184,5,160,TAM,Josh Johnson,QB,22,San Diego,2008,213,4.53,33.5,7.56,4.42,75,josh johnson+2008,,,,,,,,,,,,,,,,,,,,,,
185,5,162,NYJ,Erik Ainge,QB,22,Tennessee,2008,225,4.98,21.5,7.51,4.6,77,erik ainge+2008,erik ainge+Tennessee,26,558,867,129.6,6511,7.509803922,7.661937716,50,19,287.4,42,-134,-5.9,1,4013,6642.9,250.4230769,2007,SEC,2008,4
186,6,186,WAS,Colt Brennan,QB,25,Hawaii,2008,207,4.79,,,,74,colt brennan+2008,colt brennan+Hawaii,38,1115,1584,211,14193,8.960227273,9.414772727,131,42,501.3,267,547,6.2,15,6018,14913,373.5,2007,WAC,2008,3
187,6,198,NYG,Andre Woodson,QB,24,Kentucky,2008,229,4.85,,,,76,andre woodson+2008,andre woodson+Kentucky,37,737,1190,183.8,8868,7.45210084,7.810252101,77,24,414.4,196,-463,-7.1,5,6018,9294.2,239.6756757,2007,SEC,2008,4
188,7,209,GNB,Matt Flynn,QB,23,LSU,2008,231,4.79,28,7.21,4.34,74,matt flynn+2008,matt flynn+LSU,12,202,359,56.3,2407,6.704735376,6.5,21,11,125.8,100,215,2.2,4,2007,2333.5,200.5833333,2007,SEC,2008,4
189,7,223,HOU,Alex Brink,QB,23,Washington St.,2008,211,4.96,28,7.22,4.19,74,alex brink+2008,alex brink+Washington State,46,848,1451,228.8,10913,7.521019986,7.235079256,76,43,521.9,246,98,1.5,5,8022,10498.1,237.2391304,2007,Pac-10,2008,4
190,1,1,DET,Matthew Stafford,QB,21,Georgia,2009,225,4.81,30.5,7.06,4.47,74,matthew stafford+2009,matthew stafford+Georgia,39,564,987,169.8,7731,7.832826748,7.360891591,51,33,391.4,141,213,4.3,6,6021,7265.2,198.2307692,2008,SEC,2009,1
191,1,5,NYJ,Mark Sanchez,QB,22,USC,2009,227,4.93,32.5,7.06,4.21,74,mark sanchez+2009,mark sanchez+USC,13,241,366,65.8,3207,8.762295082,9.4,34,10,164.6,52,16,0.3,3,2008,3440.4,246.6923077,2008,Pac-10,2009,3
192,1,17,TAM,Josh Freeman,QB,21,Kansas St.,2009,248,4.9,33.5,7.11,4.43,78,josh freeman+2009,josh freeman+Kansas State,35,680,1151,173.8,8078,7.018245004,6.418940052,44,34,367.3,214,343,2.6,20,6021,7388.2,230.8,2008,Big 12,2009,2
193,2,44,MIA,Pat White,QB,23,West Virginia,2009,197,4.55,35,7.06,4.42,72,pat white+2009,pat white+West Virginia,25,324,490,132.4,3566,7.27755102,7.673061224,35,11,293.7,388,2309,11.9,22,4015,3759.8,142.64,2008,Big East,2009,4
194,4,101,DAL,Stephen McGee,QB,23,Texas A&M,2009,225,4.61,33,7.34,4.49,75,stephen mcgee+2009,,,,,,,,,,,,,,,,,,,,,,
195,5,151,NYG,Rhett Bomar,QB,24,Sam Houston St.,2009,225,4.7,,6.91,4.06,74,rhett bomar+2009,,,,,,,,,,,,,,,,,,,,,,
196,5,171,SFO,Nate Davis,QB,22,Ball St.,2009,226,4.95,26.5,,,73,nate davis+2009,nate davis+Ball State,39,678,1124,182,9233,8.214412811,8.691370107,74,22,442.8,173,499,6,10,6021,9769.1,236.7435897,2008,MAC,2009,4
197,6,174,DEN,Tom Brandstater,QB,24,Fresno St.,2009,220,4.87,28.5,6.93,4.37,77,tom brandstater+2009,tom brandstater+Fresno State,37,578,976,176.7,6808,6.975409836,6.49692623,46,31,376.6,131,154,4.2,8,6021,6341,184,2008,WAC,2009,4
198,6,178,SEA,Mike Teel,QB,23,Rutgers,2009,,,,,,,mike teel+2009,mike teel+Rutgers,39,610,1041,175,8700,8.357348703,7.751104707,57,39,414.1,47,-172,-11.7,2,6021,8068.9,223.0769231,2008,Big East,2009,4
199,6,196,STL,Keith Null,QB,23,West Texas A&M,2009,,,,,,,keith null+2009,,,,,,,,,,,,,,,,,,,,,,4
200,6,201,IND,Curtis Painter,QB,24,Purdue,2009,225,4.87,29,7,4.48,75,curtis painter+2009,curtis painter+Purdue,46,987,1648,234.3,11163,6.773665049,6.312135922,67,46,478.3,225,348,6,13,8026,10402.4,242.673913,2008,Big Ten,2009,4
201,1,1,STL,Sam Bradford,QB,22,Oklahoma,2010,236,4.79,,,,76,sam bradford+2010,,,,,,,,,,,,,,,,,,,,,,2
202,1,25,DEN,Tim Tebow,QB,23,Florida,2010,236,4.71,38.5,6.66,4.17,75,tim tebow+2010,tim tebow+Florida,41,639,962,199.1,8927,9.27962578,10.26611227,83,15,509.1,603,2478,12.3,49,6024,9876,217.7317073,2009,SEC,2010,2
203,2,48,CAR,Jimmy Clausen,QB,22,Notre Dame,2010,222,4.76,,,,75,jimmy clausen+2010,jimmy clausen+Notre Dame,35,695,1110,185.2,8148,7.340540541,7.345495495,60,27,397.8,175,-355,-6,5,6024,8153.5,232.8,2009,Ind,2010,3
204,3,85,CLE,Colt McCoy,QB,24,Texas,2010,216,4.79,,,,73,colt mccoy+2010,colt mccoy+Texas,53,1157,1645,280.6,13253,8.056534954,8.195075988,112,45,622.2,447,1571,13.6,20,8030,13480.9,250.0566038,2009,Big 12,2010,3
206,5,155,ARI,John Skelton,QB,22,Fordham,2010,243,4.85,33.5,7.17,4.33,77,john skelton+2010,,,,,,,,,,,,,,,,,,,,,,3
207,5,168,SDG,Jonathan Crompton,QB,23,Tennessee,2010,,,,,,,jonathan crompton+2010,jonathan crompton+Tennessee,13,224,384,58.3,2800,7.291666667,7.2,27,13,136,44,-52,-1.2,1,2009,2764.8,215.3846154,2009,SEC,2010,4
208,6,176,TEN,Rusty Smith,QB,23,Florida Atlantic,2010,,,,,,,rusty smith+2010,,,,,,,,,,,,,,,,,,,,,,
209,6,181,CHI,Dan LeFevour,QB,23,Central Michigan,2010,230,4.6,29.5,6.93,4.22,75,dan lefevour+2010,dan lefevour+Central Michigan,53,1171,1763,265.6,12905,7.319909246,7.552013613,102,36,574.2,671,2948,17.3,47,8030,13314.2,243.490566,2009,MAC,2010,4
210,6,204,CAR,Tony Pike,QB,24,Cincinnati,2010,223,4.9,28.5,7.06,4.53,78,tony pike+2010,tony pike+Cincinnati,22,410,662,123.8,4927,7.442598187,7.763746224,48,17,286.2,87,53,1,3,4017,5139.6,223.9545455,2009,Big East,2010,4
211,7,209,BUF,Levi Brown,QB,23,Troy,2010,229,4.93,31.5,7.07,4.43,75,levi brown+2010,levi brown+Troy,23,522,830,125.4,6284,7.571084337,7.793012048,38,12,273.4,87,24,0.6,1,4017,6468.2,273.2173913,2009,Sun Belt,2010,4
212,7,239,NOR,Sean Canfield,QB,24,Oregon St.,2010,223,4.93,29.5,7.26,4.39,76,sean canfield+2010,sean canfield+Oregon State,24,468,732,125.6,4932,6.737704918,6.232513661,30,22,248.3,84,-275,-6.5,2,4016,4562.2,205.5,2009,Pac-10,2010,4
213,7,250,NWE,Zac Robinson,QB,23,Oklahoma St.,2010,214,4.68,35,7.24,4.4,74,zac robinson+2010,zac robinson+Oklahoma State,38,585,948,185.2,7972,8.4092827,8.236814346,63,31,442.2,397,1714,12.6,21,6024,7808.5,209.7894737,2009,Big 12,2010,4
214,1,1,STL,Sam Bradford,QB,22,Oklahoma,2010,236,4.79,,,,76,sam bradford+2010,,,,,,,,,,,,,,,,,,,,,,2
215,1,25,DEN,Tim Tebow,QB,23,Florida,2010,236,4.71,38.5,6.66,4.17,75,tim tebow+2010,tim tebow+Florida,41,639,962,199.1,8927,9.27962578,10.26611227,83,15,509.1,603,2478,12.3,49,6024,9876,217.7317073,2009,SEC,2010,2
216,2,48,CAR,Jimmy Clausen,QB,22,Notre Dame,2010,222,4.76,,,,75,jimmy clausen+2010,jimmy clausen+Notre Dame,35,695,1110,185.2,8148,7.340540541,7.345495495,60,27,397.8,175,-355,-6,5,6024,8153.5,232.8,2009,Ind,2010,3
217,3,85,CLE,Colt McCoy,QB,24,Texas,2010,216,4.79,,,,73,colt mccoy+2010,colt mccoy+Texas,53,1157,1645,280.6,13253,8.056534954,8.195075988,112,45,622.2,447,1571,13.6,20,8030,13480.9,250.0566038,2009,Big 12,2010,3
218,4,122,PHI,Mike Kafka,QB,23,Northwestern,2010,225,4.93,32,6.96,4.37,75,mike kafka+2010,mike kafka+Northwestern,13,319,492,64.8,3430,6.971544715,6.5,16,12,129.3,150,295,2,8,2009,3198,263.8461538,2009,Big Ten,2010,4
219,5,155,ARI,John Skelton,QB,22,Fordham,2010,243,4.85,33.5,7.17,4.33,77,john skelton+2010,,,,,,,,,,,,,,,,,,,,,,3
221,6,176,TEN,Rusty Smith,QB,23,Florida Atlantic,2010,,,,,,,rusty smith+2010,,,,,,,,,,,,,,,,,,,,,,
222,6,181,CHI,Dan LeFevour,QB,23,Central Michigan,2010,230,4.6,29.5,6.93,4.22,75,dan lefevour+2010,dan lefevour+Central Michigan,53,1171,1763,265.6,12905,7.319909246,7.552013613,102,36,574.2,671,2948,17.3,47,8030,13314.2,243.490566,2009,MAC,2010,4
223,6,204,CAR,Tony Pike,QB,24,Cincinnati,2010,223,4.9,28.5,7.06,4.53,78,tony pike+2010,tony pike+Cincinnati,22,410,662,123.8,4927,7.442598187,7.763746224,48,17,286.2,87,53,1,3,4017,5139.6,223.9545455,2009,Big East,2010,4
224,7,209,BUF,Levi Brown,QB,23,Troy,2010,229,4.93,31.5,7.07,4.43,75,levi brown+2010,levi brown+Troy,23,522,830,125.4,6284,7.571084337,7.793012048,38,12,273.4,87,24,0.6,1,4017,6468.2,273.2173913,2009,Sun Belt,2010,4
225,7,239,NOR,Sean Canfield,QB,24,Oregon St.,2010,223,4.93,29.5,7.26,4.39,76,sean canfield+2010,sean canfield+Oregon State,24,468,732,125.6,4932,6.737704918,6.232513661,30,22,248.3,84,-275,-6.5,2,4016,4562.2,205.5,2009,Pac-10,2010,4
226,7,250,NWE,Zac Robinson,QB,23,Oklahoma St.,2010,214,4.68,35,7.24,4.4,74,zac robinson+2010,zac robinson+Oklahoma State,38,585,948,185.2,7972,8.4092827,8.236814346,63,31,442.2,397,1714,12.6,21,6024,7808.5,209.7894737,2009,Big 12,2010,4
227,1,1,CAR,Cam Newton,QB,22,Auburn,2011,248,4.56,35,6.92,4.18,77,cam newton+2011,cam newton+Auburn,14,185,280,66.1,2854,10.19285714,11.2,30,7,182,264,1473,5.6,20,2010,3136,203.8571429,2010,SEC,2011,1
228,1,8,TEN,Jake Locker,QB,23,Washington,2011,231,4.51,35,6.77,4.12,74,jake locker+2011,jake locker+Washington,36,569,1054,161.1,7127,6.761859583,6.245351044,52,35,359.3,398,1759,12.6,26,6026,6582.6,197.9722222,2010,Pac-10,2011,3
229,1,10,JAX,Blaine Gabbert,QB,21,Missouri,2011,234,4.61,33.5,6.84,4.26,76,blaine gabbert+2011,blaine gabbert+Missouri,26,563,920,122.3,6779,7.368478261,7.322282609,40,18,267.5,215,436,4.1,8,4019,6736.5,260.7307692,2010,Big 12,2011,3
230,1,12,MIN,Christian Ponder,QB,23,Florida St.,2011,229,4.63,34,6.85,4.09,74,christian ponder+2011,christian ponder+Florida State,25,361,617,117.2,4050,6.564019449,6.123824959,34,21,250.7,219,603,5.4,8,4018,3778.4,162,2010,ACC,2011,3
231,2,35,CIN,Andy Dalton,QB,23,TCU,2011,215,4.83,29.5,6.93,4.27,74,andy dalton+2011,andy dalton+TCU,50,812,1317,246.8,10314,7.83143508,7.869172361,71,30,566,413,1611,15.7,22,8034,10363.7,206.28,2010,MWC,2011,1
232,2,36,SFO,Colin Kaepernick,QB,23,Nevada,2011,233,4.53,32.5,6.85,4.18,77,colin kaepernick+2011,colin kaepernick+Nevada,51,740,1271,231.9,10098,7.944925256,8.392446892,82,24,572.5,600,4112,26.9,59,8034,10666.8,198,2010,WAC,2011,1
233,3,74,NWE,Ryan Mallett,QB,23,Arkansas,2011,253,5.37,24,,,79,ryan mallett+2011,ryan mallett+Arkansas,26,491,814,120.5,7493,9.205159705,9.7,62,19,316.1,102,-103,-2.2,6,4019,7895.8,288.1923077,2010,SEC,2011,3
234,5,135,KAN,Ricky Stanzi,QB,24,Iowa,2011,223,4.87,32.5,6.95,4.43,76,ricky stanzi+2011,ricky stanzi+Iowa,37,542,903,179.5,7377,8.169435216,7.905869324,56,30,424,159,-17,-0.3,2,6027,7139,199.3783784,2010,Big Ten,2011,4
235,5,152,HOU,T.J. Yates,QB,24,North Carolina,2011,219,5.06,29.5,6.96,4.12,75,t.j. yates+2011,t.j. yates+North Carolina,38,714,1142,186.8,8209,7.1882662,6.333187391,47,42,384.5,196,-266,-4.2,6,6026,7232.5,216.0263158,2010,ACC,2011,3
236,5,160,CHI,Nathan Enderle,QB,23,Idaho,2011,240,5.12,25.5,7.13,4.46,76,nathan enderle+2011,nathan enderle+Idaho,46,779,1427,216.8,10084,7.066573231,6.191520673,74,60,489.6,228,-349,-6.3,3,8034,8835.3,219.2173913,2010,WAC,2011,4
237,6,180,BAL,Tyrod Taylor,QB,22,Virginia Tech,2011,217,4.47,37.5,6.78,4.09,73,tyrod taylor+2011,tyrod taylor+Virginia Tech,27,324,558,115.7,5054,9.05734767,9.587096774,37,10,304.2,252,1029,8,10,4019,5349.6,187.1851852,2010,ACC,2011,2
238,7,208,NYJ,Greg McElroy,QB,23,Alabama,2011,220,4.84,33,7.11,4.45,74,greg mcelroy+2011,greg mcelroy+Alabama,27,420,638,131.8,5495,8.612852665,9.132131661,37,9,309.5,114,71,1.3,2,4019,5826.3,203.5185185,2010,SEC,2011,4
239,1,1,IND,Andrew Luck,QB,22,Stanford,2012,234,4.59,36,6.8,4.28,76,andrew luck+2012,andrew luck+Stanford,38,713,1064,198.3,9430,8.862781955,9.45075188,82,22,483.4,163,957,17.2,7,6030,10055.6,248.1578947,2011,Pac-12,2012,1
240,1,2,WAS,Robert Griffin III,QB,22,Baylor,2012,223,4.33,39,,,74,robert griffin iii+2012,robert griffin iii+Baylor,38,755,1123,199.3,9885,8.802315227,9.414959929,74,17,475.7,501,2177,13.1,31,6029,10573,260.1315789,2011,Big 12,2012,1
241,1,8,MIA,Ryan Tannehill,QB,24,Texas A&M,2012,221,4.65,,,,76,ryan tannehill+2012,ryan tannehill+Texas A&M,26,479,765,126.6,5382,7.035294118,6.930588235,42,21,270.2,109,382,6.8,5,4021,5301.9,207,2011,Big 12,2012,2
242,1,22,CLE,Brandon Weeden,QB,28,Oklahoma St.,2012,221,4.89,,,,75,brandon weeden+2012,brandon weeden+Oklahoma State,26,751,1076,139.3,9004,8.36802974,8.6,71,26,313.8,34,-170,-10,1,4021,9253.6,346.3076923,2011,Big 12,2012,3
243,2,57,DEN,Brock Osweiler,QB,21,Arizona St.,2012,242,4.83,,,,79,brock osweiler+2012,brock osweiler+Arizona State,13,326,516,63.2,4036,7.821705426,7.7,26,13,140.5,83,90,1.1,3,2011,3973.2,310.4615385,2011,Pac-12,2012,3
244,3,75,SEA,Russell Wilson,QB,23,Wisconsin,2012,204,4.53,34,6.97,4.09,71,russell wilson+2012,russell wilson+Wisconsin,14,225,309,72.8,3175,10.27508091,11.8,33,4,191.8,79,338,4.3,6,2011,3646.2,226.7857143,2011,Big Ten,2012,1
245,3,88,PHI,Nick Foles,QB,23,Arizona,2012,243,5.14,30.5,,,77,nick foles+2012,nick foles+Arizona,35,933,1396,199.6,10011,7.171203438,7.069054441,67,33,411.7,106,-290,-8.2,4,6030,9868.4,286.0285714,2011,Pac-12,2012,2
246,4,102,WAS,Kirk Cousins,QB,24,Michigan St.,2012,214,4.84,28.5,7.05,4.5,75,kirk cousins+2012,kirk cousins+Michigan State,40,691,1085,191,8821,8.129953917,8.092534562,64,29,438.4,108,-115,-2.6,1,6030,8780.4,220.525,2011,Big Ten,2012,1
247,6,185,ARI,Ryan Lindley,QB,23,San Diego St.,2012,229,4.86,29.5,7.52,4.45,76,ryan lindley+2012,ryan lindley+San Diego State,49,961,1732,222.1,12690,7.326789838,7.141339492,90,47,515.5,90,-275,-12.4,2,8038,12368.8,258.9795918,2011,MWC,2012,4
248,7,243,GNB,B.J. Coleman,QB,23,Chattanooga,2012,233,4.94,,7.07,4.38,75,b.j. coleman+2012,,,,,,,,,,,,,,,,,,,,,,
249,7,253,IND,Chandler Harnish,QB,24,Northern Illinois,2012,219,4.68,32.5,6.78,4.15,74,chandler harnish+2012,chandler harnish+Northern Illinois,47,687,1110,246.4,8944,8.057657658,8.220720721,68,26,569.4,538,2983,20.4,24,8038,9125,190.2978723,2011,MAC,2012,4
250,1,16,BUF,EJ Manuel,QB,23,Florida St.,2013,237,4.65,34,7.08,4.21,77,ej manuel+2013,,,,,,,,,,,,,,,,,,,,,,3
251,2,39,NYJ,Geno Smith,QB,22,West Virginia,2013,218,4.58,33.5,,,74,geno smith+2013,geno smith+West Virginia,39,956,1416,201.8,11353,8.017655367,8.747033898,97,20,461.2,228,335,3.7,4,6033,12385.8,291.1025641,2012,Big 12,2013,3
252,3,73,TAM,Mike Glennon,QB,23,North Carolina St.,2013,225,4.94,26.5,7.49,4.52,79,mike glennon+2013,mike glennon+North Carolina State,26,613,1017,121,7085,6.966568338,6.9,62,29,267.1,107,-274,-5.1,3,4023,7017.3,272.5,2012,ACC,2013,2
253,4,98,PHI,Matt Barkley,QB,22,USC,2013,227,4.91,,,,74,matt barkley+2013,matt barkley+USC,47,1001,1562,255.2,12327,7.891805378,8.018950064,116,48,591.3,132,-113,-3.7,6,8042,12525.6,262.2765957,2012,Pac-12,2013,3
254,4,110,NYG,Ryan Nassib,QB,23,Syracuse,2013,227,5.06,28.5,7.34,4.53,74,ryan nassib+2013,ryan nassib+Syracuse,38,755,1244,181.2,8768,7.048231511,7.167926045,67,27,397.4,215,142,1.7,5,6033,8916.9,230.7368421,2012,Big East,2013,4
255,4,112,OAK,Tyler Wilson,QB,24,Arkansas,2013,215,4.95,28.5,7.22,4.39,74,tyler wilson+2013,tyler wilson+Arkansas,24,526,839,125.3,7025,8.37306317,8.417640048,45,19,292.2,101,4,0.1,4,4023,7062.4,292.7083333,2012,SEC,2013,3
256,4,115,PIT,Landry Jones,QB,24,Oklahoma,2013,225,5.11,31,7.12,4.3,76,landry jones+2013,landry jones+Oklahoma,53,1388,2183,253,16646,7.625286303,7.696839212,123,52,563.3,132,-375,-14.4,3,8042,16802.2,314.0754717,2012,Big 12,2013,4
257,7,221,SDG,Brad Sorensen,QB,25,Southern Utah,2013,229,4.97,29,7.17,4.55,76,brad sorensen+2013,,,,,,,,,,,,,,,,,,,,,,
258,7,234,DEN,Zac Dysert,QB,23,Miami (OH),2013,231,4.81,,,,75,zac dysert+2013,zac dysert+Miami (OH),46,1066,1672,255,12013,7.184808612,6.699940191,73,51,527.2,461,665,5.4,12,8042,11202.3,261.1521739,2012,MAC,2013,4
259,7,237,SFO,B.J. Daniels,QB,24,South Florida,2013,,,,,,,b.j. daniels+2013,b.j. daniels+South Florida,45,645,1127,227.9,8347,7.406388642,6.790949423,52,39,512.5,523,2066,15.5,25,8042,7653.4,185.4888889,2012,Big East,2013,4
260,7,249,ATL,Sean Renfree,QB,23,Duke,2013,219,4.76,,,,75,sean renfree+2013,sean renfree+Duke,36,864,1339,193.7,9135,6.822255414,6.257281553,47,38,383.5,147,-155,-3.2,9,6033,8378.5,253.75,2012,ACC,2013,4
261,1,3,JAX,Blake Bortles,QB,22,Central Florida,2014,232,4.93,32.5,7.08,4.21,77,blake bortles+2014,blake bortles+UCF,27,510,781,130.7,6640,8.501920615,8.833674776,50,16,307.9,174,557,6.4,14,4025,6899.1,245.9259259,2013,American,2014,1
262,1,22,CLE,Johnny Manziel,QB,21,Texas A&M,2014,207,4.68,31.5,6.75,4.03,72,johnny manziel+2014,johnny manziel+Texas A&M,26,595,863,137.9,7820,9.061413673,9.396523754,63,22,328.2,345,2169,12.3,30,4025,8109.2,300.7692308,2013,SEC,2014,3
263,1,32,MIN,Teddy Bridgewater,QB,21,Louisville,2014,214,,30,7.17,4.2,74,teddy bridgewater+2014,teddy bridgewater+Louisville,39,781,1142,204,9817,8.596322242,8.896322242,72,24,464,226,170,2.3,6,6036,10159.6,251.7179487,2013,American,2014,2
264,2,36,OAK,Derek Carr,QB,23,Fresno St.,2014,214,4.69,34.5,,4.2,74,derek carr+2014,derek carr+Fresno State,39,1077,1616,198.8,12731,7.878094059,8.625247525,113,24,456.7,163,190,4.2,5,6036,13938.4,326.4358974,2013,MWC,2014,2
265,2,62,NWE,Jimmy Garoppolo,QB,22,Eastern Illinois,2014,226,4.97,30.5,7.04,4.26,74,jimmy garoppolo+2014,,,,,,,,,,,,,,,,,,,,,,4
266,4,120,ARI,Logan Thomas,QB,23,Virginia Tech,2014,248,4.61,35.5,7.05,4.18,78,logan thomas+2014,logan thomas+Virginia Tech,40,681,1222,167.6,8896,7.279869067,6.679541735,52,39,374.5,489,1337,8.2,24,6036,8162.4,222.4,2013,ACC,2014,4
267,4,135,HOU,Tom Savage,QB,24,Pittsburgh,2014,228,4.97,27,7.33,4.36,76,tom savage+2014,tom savage+Pitt,13,238,389,61.2,2958,7.604113111,7.6,21,9,138.2,76,-208,-2.7,3,2013,2956.4,227.5384615,2013,ACC,2014,3
268,5,163,KAN,Aaron Murray,QB,23,Georgia,2014,207,4.84,,,,72,aaron murray+2014,aaron murray+Georgia,52,921,1478,249.5,13166,8.907983762,9.313802436,121,41,634.5,286,396,5.5,16,8046,13765.8,253.1923077,2013,SEC,2014,4
269,5,164,CIN,A.J. McCarron,QB,23,Alabama,2014,220,4.94,28,7.18,4.34,75,a.j. mccarron+2014,a.j. mccarron+Alabama,40,656,978,201.3,8630,8.824130879,9.61799591,74,15,489.8,113,-40,-1.2,3,6036,9406.4,215.75,2013,SEC,2014,3
270,6,178,TEN,Zach Mettenberger,QB,23,LSU,2014,224,,,,,77,zach mettenberger+2014,zach mettenberger+LSU,25,399,648,123.7,5691,8.782407407,8.798765432,34,15,299.7,81,-341,-8.3,0,4025,5701.6,227.64,2013,SEC,2014,3
271,6,183,CHI,David Fales,QB,23,San Jose St.,2014,212,4.99,28,7.55,4.5,74,david fales+2014,david fales+San Jose State,25,639,938,136.6,8382,8.936034115,9.328891258,66,22,324.1,90,-132,-3.2,2,4025,8750.5,335.28,2013,MWC,2014,4
272,6,194,BAL,Keith Wenning,QB,23,Ball St.,2014,218,5,28,7.07,4.25,75,keith wenning+2014,keith wenning+Ball State,49,1035,1642,247.9,11402,6.943970767,6.907978076,92,42,525.6,190,328,6,13,8046,11342.9,232.6938776,2013,MAC,2014,4
273,6,213,NYJ,Tajh Boyd,QB,23,Clemson,2014,222,4.84,30.5,7.33,4.23,73,tajh boyd+2014,tajh boyd+Clemson,40,868,1339,195.4,11575,8.644510829,8.9643764,103,36,475.5,482,1132,6.9,25,6036,12003.3,289.375,2013,ACC,2014,4
274,6,214,STL,Garrett Gilbert,QB,23,SMU,2014,,,,,,,garrett gilbert+2014,garrett gilbert+SMU,23,603,1010,119.5,6460,6.396039604,6.147920792,36,22,241.7,177,613,6.9,14,4025,6209.4,280.8695652,2013,American,2014,4
275,1,1,TAM,Jameis Winston,QB,21,Florida St.,2015,231,4.97,28.5,7.16,4.36,76,jameis winston+2015,jameis winston+Florida State,27,562,851,132.2,7964,9.35840188,9.414688602,65,28,330.3,145,284,3.6,7,4027,8011.9,294.962963,2014,ACC,2015,1
276,1,2,TEN,Marcus Mariota,QB,21,Oregon,2015,222,4.52,36,6.87,4.11,76,marcus mariota+2015,marcus mariota+Oregon,41,779,1167,200.3,10796,9.251071123,10.51131105,105,14,512.6,337,2237,20.2,29,6039,12266.7,263.3170732,2014,Pac-12,2015,1
277,3,75,NOR,Garrett Grayson,QB,24,Colorado St.,2015,213,4.75,,,,74,garrett grayson+2015,garrett grayson+Colorado State,27,567,898,126.4,7702,8.576837416,8.916035635,55,18,304.6,126,73,0.9,2,4027,8006.6,285.2592593,2014,MWC,2015,4
278,3,89,STL,Sean Mannion,QB,23,Oregon St.,2015,229,5.14,31,7.29,4.39,78,sean mannion+2015,sean mannion+Oregon State,47,1187,1838,257.8,13600,7.399347116,6.9804679,83,54,540.8,132,-804,-23.6,2,8050,12830.1,289.3617021,2014,Pac-12,2015,3
279,4,103,NYJ,Bryce Petty,QB,24,Baylor,2015,230,4.87,34,6.91,4.13,75,bryce petty+2015,bryce petty+Baylor,25,520,831,125.1,8055,9.693140794,10.61841155,61,10,332.1,178,310,3.4,20,4027,8823.9,322.2,2014,Big 12,2015,3
280,5,147,GNB,Brett Hundley,QB,22,UCLA,2015,226,4.63,36,6.93,3.98,75,brett hundley+2015,brett hundley+UCLA,40,837,1241,202.4,9966,8.030620467,8.339000806,75,25,453.3,479,1747,11,30,6039,10348.7,249.15,2014,Pac-12,2015,3
281,7,250,DEN,Trevor Siemian,QB,23,Northwestern,2015,,,,,,,trevor siemian+2015,trevor siemian+Northwestern,36,534,908,176.6,5675,6.25,5.611674009,24,23,347.9,137,-42,1.2,6,6039,5095.4,157.6388889,2014,Big Ten,2015,4
282,1,1,LAR,Jared Goff,QB,21,California,2016,215,4.82,27,7.17,4.47,76,jared goff+2016,jared goff+California,37,977,1568,187,12195,7.777423469,8.12627551,96,30,432.2,170,-114,-2,1,6042,12742,329.5945946,2015,Pac-12,2016,2
283,1,2,PHI,Carson Wentz,QB,23,North Dakota St.,2016,237,4.77,30.5,6.86,4.15,77,carson wentz+2016,,,,,,,,,,,,,,,,,,,,,,2
284,1,26,DEN,Paxton Lynch,QB,22,Memphis,2016,244,4.86,36,7.14,4.26,79,paxton lynch+2016,paxton lynch+Memphis,38,758,1205,187.7,8863,7.355186722,7.469128631,59,23,405.5,288,687,6.9,17,6042,9000.3,233.2368421,2015,American,2016,3
285,2,51,NYJ,Christian Hackenberg,QB,21,Penn St.,2016,223,4.78,31,7.04,4.33,76,christian hackenberg+2016,christian hackenberg+Penn State,38,693,1235,168.2,8457,6.847773279,6.518866397,48,31,367.3,208,-242,-3.6,6,6042,8050.8,222.5526316,2015,Big Ten,2016,3
286,3,91,NWE,Jacoby Brissett,QB,23,North Carolina St.,2016,231,4.94,31,7.17,4.53,76,jacoby brissett+2016,jacoby brissett+North Carolina State,26,458,765,119.7,5268,6.88627451,7.390196078,43,11,267,263,899,7,9,4029,5653.5,202.6153846,2015,ACC,2016,2
287,3,93,CLE,Cody Kessler,QB,23,USC,2016,220,4.89,29.5,7.32,4,73,cody kessler+2016,cody kessler+USC,41,849,1259,201.9,10330,8.204924543,8.93081811,88,19,467.6,158,-425,-8.2,7,6042,11243.9,251.9512195,2015,Pac-12,2016,3
288,4,100,OAK,Connor Cook,QB,23,Michigan St.,2016,217,4.79,33,7.21,4.28,76,connor cook+2016,connor cook+Michigan State,40,664,1153,172.9,9100,7.892454467,8.284735473,70,21,421.5,172,212,3.8,3,6042,9552.3,227.5,2015,Big Ten,2016,4
289,4,135,DAL,Dak Prescott,QB,23,Mississippi St.,2016,226,4.79,32.5,7.11,4.32,74,dak prescott+2016,dak prescott+Mississippi State,37,716,1140,186.2,9182,8.054385965,8.289736842,66,23,429.3,504,2403,14.6,37,6042,9450.3,248.1621622,2015,SEC,2016,1
290,4,139,BUF,Cardale Jones,QB,23,Ohio St.,2016,253,4.81,36,,,77,cardale jones+2016,,,,,,,,,,,,,,,,,,,,,,
291,5,162,KAN,Kevin Hogan,QB,23,Stanford,2016,218,4.78,32.5,6.9,4.31,75,kevin hogan+2016,kevin hogan+Stanford,41,618,951,194.7,8289,8.716088328,8.856466877,66,26,468.3,260,986,11.4,13,6042,8422.5,202.1707317,2015,Pac-12,2016,3
292,6,187,WAS,Nate Sudfeld,QB,22,Indiana,2016,234,5.02,29,,,78,nate sudfeld+2016,nate sudfeld+Indiana,24,441,734,120.2,6096,8.305177112,8.629700272,48,16,293,84,27,0.4,6,4028,6334.2,254,2015,Big Ten,2016,4
293,6,191,DET,Jake Rudock,QB,23,Michigan,2016,,,,,,,jake rudock+2016,jake rudock+Michigan,13,249,389,64,3017,7.755784062,7.7,20,9,141.5,58,166,2.9,4,2015,2995.3,232.0769231,2015,Big Ten,2016,4
294,6,201,JAX,Brandon Allen,QB,24,Arkansas,2016,217,4.84,28,7.06,4.33,73,brandon allen+2016,brandon allen+Arkansas,37,562,967,171.5,7277,7.525336091,7.761220269,63,23,404.7,126,139,3,4,6042,7505.1,196.6756757,2015,SEC,2016,3
295,6,207,SFO,Jeff Driskel,QB,23,Louisiana Tech,2016,234,4.56,32,7.19,4.25,76,jeff driskel+2016,jeff driskel+Louisiana Tech,13,279,448,62.3,4026,8.986607143,9.4,27,8,154.1,92,323,3.5,5,2015,4211.2,309.6923077,2015,CUSA,2016,3
296,7,223,MIA,Brandon Doughty,QB,24,Western Kentucky,2016,213,5.22,27,7.49,4.52,75,brandon doughty+2016,brandon doughty+Western Kentucky,39,1009,1466,205.6,12742,8.691678035,9.192496589,111,33,478.4,100,-283,-9,3,6042,13476.2,326.7179487,2015,CUSA,2016,4
297,1,2,CHI,Mitchell Trubisky,QB,23,North Carolina,2017,222,4.67,27.5,6.87,4.25,74,mitchell trubisky+2017,,,,,,,,,,,,,,,,,,,,,,2
298,1,10,KAN,Patrick Mahomes,QB,21,Texas Tech,2017,225,4.8,30,6.88,4.08,74,patrick mahomes+2017,patrick mahomes+Texas Tech,25,752,1164,129.2,9705,8.337628866,8.707731959,77,25,304.2,262,741,5.7,22,4031,10135.8,388.2,2016,Big 12,2017,1
299,1,12,HOU,Deshaun Watson,QB,21,Clemson,2017,221,4.66,32.5,6.95,4.31,74,deshaun watson+2017,deshaun watson+Clemson,30,721,1070,134.8,8702,8.13271028,8.275327103,76,30,307.4,372,1734,9.1,21,4031,8854.6,290.0666667,2016,ACC,2017,1
300,2,52,CLE,DeShone Kizer,QB,21,Notre Dame,2017,233,4.83,30.5,7.4,4.53,76,deshone kizer+2017,deshone kizer+Notre Dame,25,422,695,121.6,5805,8.352517986,8.448057554,47,19,295.7,264,997,7.6,18,4031,5871.4,232.2,2016,Ind,2017,3
301,3,87,NYG,Davis Webb,QB,22,California,2017,229,4.79,33,6.92,4.21,77,davis webb+2017,davis webb+California,12,382,620,61.6,4295,6.927419355,7.3,37,12,135.6,33,-110,-3.3,6,2016,4526,357.9166667,2016,Pac-12,2017,3
302,3,104,SFO,C.J. Beathard,QB,23,Iowa,2017,219,,31,,,74,c.j. beathard+2017,c.j. beathard+Iowa,27,393,663,118.1,4738,7.146304676,7.146606335,34,15,261.8,183,224,2.2,8,4031,4738.2,175.4814815,2016,Big Ten,2017,3
303,4,135,PIT,Joshua Dobbs,QB,22,Tennessee,2017,216,4.64,33,6.75,4.31,75,joshua dobbs+2017,joshua dobbs+Tennessee,26,430,701,122.6,5237,7.470756063,7.612981455,42,17,277.6,296,1502,10.1,23,4031,5336.7,201.4230769,2016,SEC,2017,4
304,5,171,BUF,Nathan Peterman,QB,23,Pittsburgh,2017,226,4.82,31,7.14,4.31,74,nathan peterman+2017,nathan peterman+Pitt,26,378,619,122.2,5142,8.306946688,8.734733441,47,15,302.4,157,518,6.7,4,4031,5406.8,197.7692308,2016,ACC,2017,4
305,6,215,DET,Brad Kaaya,QB,22,Miami (FL),2017,214,,,,,76,brad kaaya+2017,brad kaaya+Miami (FL),38,720,1188,181.7,9968,8.390572391,8.642676768,69,24,438.3,94,-386,-12.6,4,6045,10267.5,262.3157895,2016,ACC,2017,4
306,7,253,DEN,Chad Kelly,QB,23,Mississippi,2017,,,,,,,chad kelly+2017,chad kelly+Ole Miss,22,503,786,127.6,6800,8.651399491,8.73307888,50,21,303.3,187,841,8.9,15,4031,6864.2,309.0909091,2016,SEC,2017,3
307,1,1,CLE,Baker Mayfield,QB,23,Oklahoma,2018,215,4.84,29,7,4.28,73,baker mayfield+2018,baker mayfield+Oklahoma,40,808,1157,209.5,12292,10.62402766,11.86084702,119,21,568.6,316,893,8.4,18,6048,13723,307.3,2017,Big 12,2018,2
308,1,3,NYJ,Sam Darnold,QB,21,USC,2018,221,4.85,26.5,6.96,4.4,75,sam darnold+2018,sam darnold+USC,27,549,846,130.3,7229,8.544917258,8.716312057,57,22,309.2,137,332,5.1,7,4033,7374,267.7407407,2017,Pac-12,2018,2
309,1,7,BUF,Josh Allen,QB,22,Wyoming,2018,237,4.75,33.5,6.9,4.4,77,josh allen+2018,josh allen+Wyoming,25,361,643,112.3,5015,7.799377916,7.712130638,44,21,272.7,234,727,5.9,12,4033,4958.9,200.6,2017,MWC,2018,1
310,1,10,ARI,Josh Rosen,QB,21,UCLA,2018,226,4.92,31,7.09,4.28,76,josh rosen+2018,josh rosen+UCLA,24,575,939,122.6,7425,7.907348243,7.981363152,49,21,281.3,87,-82,-1.5,4,4032,7494.5,309.375,2017,Pac-12,2018,3
311,1,32,BAL,Lamar Jackson,QB,21,Louisville,2018,216,,,,,74,lamar jackson+2018,lamar jackson+Louisville,38,619,1086,170,9043,8.326887661,8.463996317,69,27,422.2,655,4132,18.8,50,6048,9191.9,237.9736842,2017,ACC,2018,1
312,3,76,PIT,Mason Rudolph,QB,23,Oklahoma St.,2018,235,4.9,26,,,77,mason rudolph+2018,mason rudolph+Oklahoma State,39,866,1361,190.7,12765,9.37913299,9.908817046,86,22,478.6,211,61,0.8,17,6048,13485.9,327.3076923,2017,Big 12,2018,3
313,4,108,NYG,Kyle Lauletta,QB,23,Richmond,2018,222,4.81,31,6.95,4.07,75,kyle lauletta+2018,,,,,,,,,,,,,,,,,,,,,,
314,5,171,DAL,Mike White,QB,23,Western Kentucky,2018,224,5.09,27,7.4,4.4,77,mike white+2018,mike white+Western Kentucky,27,648,976,133,8540,8.75,9.319672131,63,15,322.2,93,-342,-6.8,6,4033,9096,316.2962963,2017,CUSA,2018,3
315,6,199,TEN,Luke Falk,QB,23,Washington St.,2018,215,,26.5,,,76,luke falk+2018,luke falk+Washington State,37,1247,1811,206.3,12622,6.969630039,7.364715627,106,32,428.5,215,-330,-4.6,3,6048,13337.5,341.1351351,2017,Pac-12,2018,4
316,6,203,JAX,Tanner Lee,QB,23,Nebraska,2018,218,4.98,32,7,4.41,76,tanner lee+2018,tanner lee+Nebraska,12,246,428,57.5,3143,7.343457944,6.7,23,16,129.4,30,-97,-3.2,2,2017,2867.6,261.9166667,2017,Big Ten,2018,4
317,7,219,NWE,Danny Etling,QB,24,LSU,2018,222,4.76,30.5,7.09,4.37,74,danny etling+2018,danny etling+LSU,24,325,544,119.5,4586,8.430147059,8.860477941,27,7,288.6,113,174,2.9,3,4033,4820.1,191.0833333,2017,SEC,2018,4
318,7,220,SEA,Alex McGough,QB,22,Florida International,2018,,,,,,,alex mcgough+2018,alex mcgough+Florida International,46,807,1335,238.5,9091,6.809737828,6.521947566,65,37,506.9,308,535,7.6,16,8062,8706.8,197.6304348,2017,CUSA,2018,4
319,7,249,CIN,Logan Woodside,QB,23,Toledo,2018,213,4.79,31.5,6.94,4.15,73,logan woodside+2018,logan woodside+Toledo,39,738,1125,195.8,10274,9.132444444,9.767022222,92,25,488,140,72,1.1,4,6047,10987.9,263.4358974,2017,MAC,2018,4
320,1,1,ARI,Kyler Murray,QB,22,Oklahoma,2019,207,,,,,70,kyler murray+2019,kyler murray+Oklahoma,14,260,377,69,4361,11.56763926,13,42,7,199.2,140,1001,7.2,12,2018,4901,311.5,2018,Big 12,2019,1
321,1,6,NYG,Daniel Jones,QB,22,Duke,2019,221,4.81,33.5,7,4.41,77,daniel jones+2019,daniel jones+Duke,36,764,1275,180,8201,6.432156863,6.233960784,52,29,370,406,1323,9.7,17,6051,7948.3,227.8055556,2018,ACC,2019,2
322,1,15,WAS,Dwayne Haskins,QB,22,Ohio St.,2019,231,5.04,28.5,,,75,dwayne haskins+2019,dwayne haskins+Ohio State,14,373,533,70,4831,9.063789869,10.3,50,8,174.1,79,108,1.4,4,2018,5489.9,345.0714286,2018,Big Ten,2019,3
323,2,42,DEN,Drew Lock,QB,22,Missouri,2019,228,4.69,31,7.03,4.12,76,drew lock+2019,drew lock+Missouri,50,883,1553,224.3,12193,7.851255634,8.028911784,99,39,537.2,202,437,8.7,9,8066,12468.9,243.86,2018,SEC,2019,2
324,3,100,CAR,Will Grier,QB,24,West Virginia,2019,217,4.84,34,7.09,4.28,74,will grier+2019,will grier+West Virginia,22,516,785,131.4,7354,9.368152866,10.05745223,71,20,338.2,111,32,0,5,4035,7895.1,334.2727273,2018,Big 12,2019,3
325,4,104,CIN,Ryan Finley,QB,24,North Carolina St.,2019,213,4.73,30.5,7.2,4.2,76,ryan finley+2019,ryan finley+North Carolina State,39,880,1364,192.9,10501,7.698680352,7.742375367,60,25,419.2,185,309,4.6,5,6051,10560.6,269.2564103,2018,ACC,2019,4
326,4,133,NWE,Jarrett Stidham,QB,23,Auburn,2019,218,4.81,31,7.28,4.33,74,jarrett stidham+2019,jarrett stidham+Auburn,27,470,739,127.2,5952,8.054127199,8.350608931,36,11,288.7,175,154,1.5,7,4035,6171.1,220.4444444,2018,SEC,2019,3
327,5,166,LAC,Easton Stick,QB,23,North Dakota St.,2019,224,4.62,33.5,6.65,4.05,73,easton stick+2019,,,,,,,,,,,,,,,,,,,,,,
328,5,167,PHI,Clayton Thorson,QB,24,Northwestern,2019,222,,,,,76,clayton thorson+2019,clayton thorson+Northwestern,53,991,1696,230.9,10731,6.327240566,5.843926887,61,45,464.3,362,408,3.9,27,8066,9911.3,202.4716981,2018,Big Ten,2019,4
329,6,178,JAX,Gardner Minshew II,QB,23,Washington St.,2019,225,4.97,33.5,7.14,4.45,73,gardner minshew ii+2019,,30,761,1168,0.651541096,8266,7.1,7.4,62,20,138.7,96,43,0.4,4,,,275.5333333,,Pac-12,2019,
330,6,197,BAL,Trace McSorley,QB,24,Penn St.,2019,202,4.57,33,7.09,4.12,72,trace mcsorley+2019,trace mcsorley+Penn State,40,700,1175,177.6,9714,8.267234043,8.567319149,75,25,435.2,460,1654,10.6,30,6051,10066.6,242.85,2018,Big Ten,2019,4
331,1,1,CIN,Joe Burrow,QB,23,LSU,2020,221,,,,,75,joe burrow+2020,joe burrow+LSU,28,621,906,134.1,8565,9.453642384,10.57571744,76,11,335.2,243,767,6.3,12,4037,9581.6,305.8928571,2019,SEC,2020,1
332,1,5,MIA,Tua Tagovailoa,QB,22,Alabama,2020,217,,,,,72,tua tagovailoa+2020,,32,474,684,69.3,7442,10.9,12.7,87,11,199.4,107,340,302,9,,,232.5625,2019,SEC,2020,2
333,1,6,LAC,Justin Herbert,QB,22,Oregon,2020,236,4.68,35.5,7.06,4.46,78,justin herbert+2020,justin herbert+Oregon,27,526,832,126.2,6622,7.959134615,8.660096154,61,14,301.4,129,216,3.2,6,4037,7205.2,245.2592593,2019,Pac-12,2020,1
334,1,26,GNB,Jordan Love,QB,21,Utah St.,2020,224,4.74,35.5,7.21,4.52,76,jordan love+2020,jordan love+Utah State,38,689,1125,180.8,8600,7.644444444,7.532888889,60,29,406.7,170,403,7.3,9,6054,8474.5,226.3157895,2019,MWC,2020,2
335,2,53,PHI,Jalen Hurts,QB,22,Oklahoma,2020,222,4.59,35,,,73,jalen hurts+2020,jalen hurts+Oklahoma,14,237,340,69.7,3851,11.32647059,12.2,32,8,191.2,233,1298,5.6,20,2019,4148,275.0714286,2019,Big 12,2020,1
336,4,122,IND,Jacob Eason,QB,22,Washington,2020,231,4.89,27.5,7.5,4.75,78,jacob eason+2020,jacob eason+Washington,13,260,405,64.2,3132,7.733333333,8,23,8,143.9,46,-69,-1.5,1,2019,3240,240.9230769,2019,Pac-12,2020,3
337,4,125,NYJ,James Morgan,QB,23,Florida International,2020,229,4.89,29,7.51,4.64,76,james morgan+2020,james morgan+Florida International,24,420,683,123.3,5312,7.777452416,8.163689605,40,12,286.5,59,-59,-2,3,4037,5575.8,221.3333333,2019,CUSA,2020,4
338,5,167,BUF,Jake Fromm,QB,22,Georgia,2020,219,5.01,30,7.27,4.51,74,jake fromm+2020,jake fromm+Georgia,43,621,982,190.3,8224,8.374745418,9.167718941,78,18,472.5,134,40,0.4,3,6054,9002.7,191.255814,2019,SEC,2020,4
339,6,189,JAX,Jake Luton,QB,24,Oregon St.,2020,224,,,,,78,jake luton+2020,jake luton+Oregon State,11,222,358,62,2714,7.581005587,8.8,28,3,149.8,44,-87,-2,1,2019,3150.4,246.7272727,2019,Pac-12,2020,4
340,7,224,TEN,Cole McDonald,QB,22,Hawaii,2020,215,4.58,36,7.13,4.52,75,cole mcdonald+2020,cole mcdonald+Hawaii,27,611,995,122.7,8010,8.050251256,8.394572864,69,24,294.1,235,742,6.5,11,4037,8352.6,296.6666667,2019,MWC,2020,4
341,7,231,DAL,Ben DiNucci,QB,23,James Madison,2020,,,,,,,ben dinucci+2020,,,,,,,,,,,,,,,,,,,,,,
342,7,240,NOR,Tommy Stevens,QB,23,Mississippi St.,2020,,,,,,,tommy stevens+2020,,,,,,,,,,,,,,,,,,,,,,
343,7,244,MIN,Nate Stanley,QB,23,Iowa,2020,235,4.81,28.5,7.26,4.48,76,nate stanley+2020,,,,,,,,,,,,,,,,,,,,,,
344,1,1,JAX,Trevor Lawrence,QB,21,Clemson,2021,213,,,,,77,trevor lawrence+2021,trevor lawrence+Clemson,40,758,1138,200.2,10098,8.873462214,9.778734622,90,17,493.5,231,943,11.5,18,6057,11128.2,252.45,2020,ACC,2021,2
345,1,2,NYJ,Zach Wilson,QB,22,BYU,2021,214,,,,,74,zach wilson+2021,zach wilson+Brigham Young,12,247,336,73.5,3692,10.98809524,12.6,33,3,196.4,70,254,3.6,10,2020,4233.6,307.6666667,2020,Ind,2021,3
346,1,3,SFO,Trey Lance,QB,21,North Dakota St.,2021,224,,,,,75,trey lance+2021,,19,208,318,65.4,2947,9.3,11,30,1,173.8,192,1325,6.9,18,,,155.1052632,,MVC,,3
347,1,11,CHI,Justin Fields,QB,22,Ohio St.,2021,227,4.45,,,,74,justin fields+2021,justin fields+Ohio State,22,396,579,137.4,5373,9.279792746,10.77253886,63,9,357,218,867,8.2,15,4039,6237.3,244.2272727,2020,Big Ten,2021,1
348,1,15,NWE,Mac Jones,QB,23,Alabama,2021,217,4.72,32,7.04,4.39,74,mac jones+2021,mac jones+Alabama,13,311,402,77.4,4500,11.19402985,12.8,41,4,203.1,35,14,0.4,1,2020,5145.6,346.1538462,2020,SEC,2021,2
349,2,64,TAM,Kyle Trask,QB,23,Florida,2021,236,5.1,31.5,7.08,4.6,77,kyle trask+2021,kyle trask+Florida,24,538,791,135.8,7224,9.132743363,9.960176991,68,15,336.1,127,58,0.9,7,4039,7878.5,301,2020,SEC,2021,4
350,3,66,MIN,Kellen Mond,QB,22,Texas A&M,2021,,,,,,,kellen mond+2021,kellen mond+Texas A&M,46,801,1358,233.7,9661,7.114138439,7.277098675,71,27,521.8,438,1609,15,22,8074,9882.3,210.0217391,2020,SEC,2021,4
351,3,67,HOU,Davis Mills,QB,22,Stanford,2021,217,4.82,32,6.95,4.4,75,davis mills+2021,davis mills+Stanford,5,129,195,66.2,1508,7.733333333,7.8,7,3,139.9,30,37,1.2,3,2020,1521,301.6,2020,Pac-12,2021,3
352,4,133,NOR,Ian Book,QB,23,Notre Dame,2021,211,4.65,32.5,6.99,4.19,72,ian book+2021,ian book+Notre Dame,35,682,1066,193,8492,7.966228893,8.566885553,68,16,447.4,323,1311,12,17,6057,9132.3,242.6285714,2020,ACC,2021,4
353,6,218,IND,Sam Ehlinger,QB,22,Texas,2021,220,4.84,36.5,7.15,4.44,73,sam ehlinger+2021,sam ehlinger+Texas,37,765,1201,190.1,9521,7.927560366,8.571856786,83,20,449.3,440,1522,10.3,31,6057,10294.8,257.3243243,2020,Big 12,2021,4
354,1,20,PIT,Kenny Pickett,QB,24,Pittsburgh,2022,217,4.73,33.5,,4.29,75,kenny pickett+2022,kenny pickett+Pitt,48,1006,1608,248,11794,7.334577114,7.454104478,80,31,537.6,390,716,7.4,18,8078,11986.2,245.7083333,2021,ACC,2022,
355,3,74,ATL,Desmond Ridder,QB,23,Cincinnati,2022,211,4.52,36,7.15,4.29,75,desmond ridder+2022,desmond ridder+Cincinnati,50,810,1304,248.6,10239,7.851993865,8.206978528,87,28,581.7,501,2180,17.6,28,8078,10701.9,204.78,2021,American,2022,
356,3,86,TEN,Malik Willis,QB,23,Liberty,2022,219,,,,,73,malik willis+2022,malik willis+Liberty,23,377,604,125.3,5107,8.455298013,8.663245033,47,18,306.9,338,1822,11.2,27,4041,5232.6,222.0434783,2021,Ind,2022,
357,3,94,CAR,Matt Corral,QB,23,Mississippi,2022,212,,,,,74,matt corral+2022,matt corral+Ole Miss,23,493,712,138.8,6686,9.390449438,9.557865169,49,19,332.9,264,1120,8.5,15,4041,6805.2,290.6956522,2021,SEC,2022,
358,4,137,NWE,Bailey Zappe,QB,23,Western Kentucky,2022,215,4.88,30,7.19,4.4,73,bailey zappe+2022,bailey zappe+Western Kentucky,14,475,686,69.2,5967,8.698250729,9.8,62,11,168.9,51,17,0.3,3,2021,6722.8,426.2142857,2021,CUSA,2022,
359,5,144,WAS,Sam Howell,QB,21,North Carolina,2022,218,,,,,73,sam howell+2022,sam howell+North Carolina,37,713,1117,192,10283,9.205908684,9.918710833,92,23,493.5,369,1009,6.5,17,6060,11079.2,277.9189189,2021,ACC,2022,
360,7,241,PIT,Chris Oladokun,QB,25,South Dakota St.,2022,,,,,,,chris oladokun+2022,,,,,,,,,,,,,,,,,,,,,,
361,7,247,MIA,Skylar Thompson,QB,25,Kansas St.,2022,217,4.91,31,7,4.28,74,skylar thompson+2022,skylar thompson+Kansas State,34,461,738,187.8,5809,7.871273713,7.963550136,33,13,419.2,267,782,7.3,20,6058,5877.1,170.8529412,2021,Big 12,2022,
362,7,262,SFO,Brock Purdy,QB,22,Iowa St.,2022,212,4.84,27,7.21,4.45,73,brock purdy+2022,brock purdy+Iowa State,48,993,1467,270.4,12170,8.295841854,8.419427403,81,33,612.1,365,1177,13,19,8078,12351.3,253.5416667,2021,Big 12,2022,
