,Round,Pick,Team,Player,Position,Age,School,Year,Height (in),Weight (lbs),40 Yard,Vert Leap (in),Shuttle,3Cone
0,1,7,CHI,curtis conway,WR,22.0,USC,1993,72.3,185.0,,,,
1,1,16,IND,sean dawkins,WR,22.0,California,1993,75.9,213.0,4.61,32.0,4.0,
2,1,25,MIA,o.j. mcduffie,WR,23.0,Penn St.,1993,70.1,191.0,,,,
3,2,46,DAL,kevin williams,WR,22.0,Miami (FL),1993,69.0,190.0,4.49,35.5,4.61,
4,2,50,PHI,victor bailey,WR,23.0,Missouri,1993,74.3,196.0,4.57,35.0,4.16,
5,2,52,MIN,qadry ismail,WR,22.0,Syracuse,1993,72.5,192.0,4.49,35.0,,
6,2,56,NWE,vincent brisby,WR,22.0,La-Monroe,1993,73.0,186.0,4.49,36.0,4.04,
7,3,60,TAM,lamar thomas,WR,23.0,Miami (FL),1993,73.3,163.0,4.58,34.0,,
8,3,76,PIT,andre hastings,WR,22.0,Georgia,1993,72.3,185.0,,,,
9,4,102,HOU,travis hannah,WR,23.0,USC,1993,67.0,161.0,4.43,32.0,4.1,
10,4,104,TAM,horace copeland,WR,22.0,Miami (FL),1993,74.4,194.0,4.63,43.5,,
11,4,111,BUF,russell copeland,WR,21.0,Memphis,1993,72.4,196.0,,34.5,,
12,5,114,SEA,terrence warren,WR,24.0,Hampton,1993,72.9,199.0,4.55,34.0,4.14,
13,5,122,RAM,sean lachapelle,WR,23.0,UCLA,1993,75.5,205.0,4.66,35.0,4.12,
14,5,125,RAI,olanda truitt,WR,22.0,Mississippi St.,1993,72.4,189.0,4.62,33.0,4.3,
15,5,129,NYJ,kenny shedd,WR,22.0,Northern Iowa,1993,69.0,168.0,4.42,37.5,4.03,
16,5,134,SDG,walter dunson,WR,,Middle Tenn. St.,1993,,,,,,
17,6,154,DEN,melvin bonner,WR,23.0,Baylor,1993,74.6,207.0,4.63,36.0,4.42,
18,7,176,TAM,tyree davis,WR,22.0,Central Arkansas,1993,,,,,,
19,7,182,DEN,tony kimbrough,WR,22.0,Jackson St.,1993,,,,,,
20,7,186,KAN,danan hughes,WR,22.0,Iowa,1993,73.3,206.0,,,,
21,7,187,HOU,patrick robinson,WR,23.0,Tennessee St.,1993,,,,,,
22,7,195,BUF,willie harris,WR,,Mississippi St.,1993,73.4,193.0,4.63,33.5,4.24,
23,8,198,NWE,troy brown,WR,22.0,Marshall,1993,,,,,,
24,8,205,ATL,shannon baker,WR,22.0,Florida St.,1993,69.5,185.0,4.49,35.0,4.4,
25,8,210,DEN,brian stablein,WR,23.0,Ohio St.,1993,73.1,190.0,4.61,38.5,3.8,
26,8,215,PHO,stevie anderson,WR,23.0,Grambling St.,1993,76.3,207.0,4.57,35.0,4.15,
27,8,220,TAM,darrick branch,WR,,Hawaii,1993,,,,,,
28,1,17,PIT,charles johnson,WR,22.0,Colorado,1994,72.3,188.0,,,,
29,1,21,DET,johnnie morton,WR,22.0,USC,1994,71.9,189.0,,,,
30,1,24,NYG,thomas lewis,WR,22.0,Indiana,1994,72.6,185.0,4.61,34.5,4.15,
31,1,29,CLE,derrick alexander,WR,22.0,Michigan,1994,73.1,196.0,4.5,36.0,4.19,
32,2,30,CIN,darnay scott,WR,22.0,San Diego St.,1994,73.0,180.0,4.55,,,
33,2,33,RAM,isaac bruce,WR,21.0,Memphis,1994,71.5,173.0,4.55,36.5,4.15,
34,2,35,NWE,kevin lee,WR,23.0,Alabama,1994,72.3,194.0,4.55,32.0,,
35,2,40,MIN,david palmer,WR,21.0,Alabama,1994,67.9,167.0,,,,
36,2,41,NYJ,ryan yarborough,WR,23.0,Wyoming,1994,72.9,194.0,4.59,34.5,,
37,2,45,ATL,bert emanuel,WR,23.0,Rice,1994,70.4,171.0,4.59,37.0,3.98,
38,3,68,WAS,tydus winans,WR,22.0,Fresno St.,1994,69.8,175.0,4.56,35.0,4.15,
39,3,70,SDG,andre coleman,WR,21.0,Kansas St.,1994,68.8,165.0,4.41,,,
40,3,87,SFO,cory fleming,WR,23.0,Tennessee,1994,73.1,207.0,,,,
41,3,92,KAN,lake dawson,WR,22.0,Notre Dame,1994,72.3,203.0,4.73,34.0,4.12,
42,3,96,KAN,chris penn,WR,23.0,Tulsa,1994,72.1,196.0,4.79,35.5,4.06,
43,3,101,HOU,malcolm floyd,WR,21.0,Fresno St.,1994,,,,,,
44,4,108,RAM,chris brantley,WR,23.0,Rutgers,1994,69.9,177.0,4.53,32.0,4.0,
45,4,109,DAL,willie jackson,WR,23.0,Florida,1994,73.0,205.0,4.62,38.0,4.15,
46,4,117,NYJ,orlando parker,WR,22.0,Troy,1994,70.6,183.0,4.53,,,
47,5,138,ATL,harrison houston,WR,,Florida,1994,69.3,173.0,4.63,32.5,4.1,
48,5,146,GNB,terry mickens,WR,23.0,Florida A&M,1994,72.1,200.0,4.63,31.0,4.39,
49,6,166,NWE,steve hawkins,WR,23.0,Western Michigan,1994,,,,,,
50,6,169,GNB,jay kearney,WR,,West Virginia,1994,72.9,190.0,4.61,36.0,,
51,6,170,CHI,lloyd hill,WR,,Texas Tech,1994,72.8,190.0,,,,
52,6,176,NOR,derrell mitchell,WR,22.0,Texas Tech,1994,,,,,,
53,6,181,GNB,bill schroeder,WR,23.0,Wisconsin–LaCrosse,1994,,,,,,
54,6,187,HOU,lee gissendaner,WR,,Northwestern,1994,,,,,,
55,6,192,BUF,kevin knox,WR,23.0,Florida St.,1994,74.5,199.0,4.64,34.5,4.35,
56,1,4,WAS,michael westbrook,WR,23.0,Colorado,1995,75.4,215.0,4.51,,4.09,
57,1,8,SEA,joey galloway,WR,23.0,Ohio St.,1995,70.4,188.0,,,,
58,1,10,SFO,j.j. stokes,WR,22.0,UCLA,1995,76.5,217.0,,,,
59,2,47,ARI,frank sanders,WR,22.0,Auburn,1995,73.8,202.0,,,,
60,2,61,SDG,jimmy oliver,WR,,TCU,1995,,,,,,
61,3,67,HOU,chris sanders,WR,23.0,Ohio St.,1995,72.3,184.0,4.54,38.0,4.09,
62,3,78,PHI,chris jones,WR,24.0,Miami (FL),1995,75.8,210.0,4.61,33.0,4.46,
63,3,81,KAN,tamarick vanover,WR,21.0,Florida St.,1995,,,,,,
64,3,90,GNB,antonio freeman,WR,23.0,Virginia Tech,1995,72.6,180.0,,,,
65,4,113,BUF,justin armour,WR,22.0,Stanford,1995,76.6,221.0,4.71,32.5,4.04,
66,4,116,CHI,jack jackson,WR,22.0,Florida,1995,68.4,171.0,,,,
67,5,139,CIN,david dunn,WR,23.0,Fresno St.,1995,73.6,209.0,,,,
68,5,145,ATL,roell preston,WR,23.0,Mississippi,1995,69.6,187.0,4.55,31.5,,
69,5,147,CLE,mike miller,WR,,Notre Dame,1995,66.6,159.0,4.57,32.5,4.19,
70,5,156,DET,kez mccorvey,WR,23.0,Florida St.,1995,72.0,180.0,,,,
71,5,162,SDG,'omar ellison,WR,23.0,Florida St.,1995,,,,,,
72,5,166,DAL,edward hervey,WR,,USC,1995,74.5,179.0,,,,
73,6,173,GNB,charlie simmons,WR,,Georgia Tech,1995,,,,,,
74,6,183,SDG,brandon harrison,WR,,Howard Payne,1995,,,,,,
75,6,184,NOR,lee deramus,WR,23.0,Wisconsin,1995,72.0,191.0,,,,
76,6,203,SEA,eddie goines,WR,,North Carolina St.,1995,71.9,183.0,,,,
77,7,212,ARI,billy williams,WR,24.0,Tennessee,1995,71.0,175.0,4.58,,,
78,7,217,NYJ,curtis ceaser,WR,23.0,Grambling St.,1995,,,,,,
79,7,219,JAX,curtis marsh,WR,24.0,Utah,1995,73.4,212.0,4.68,32.5,4.41,
80,7,231,CLE,a.c. tellison,WR,,Miami (FL),1995,,,,,,
81,7,235,PIT,henry bailey,WR,22.0,UNLV,1995,68.0,176.0,4.48,38.5,4.12,
82,7,240,STL,j.t. thomas,WR,23.0,Arizona St.,1995,70.9,173.0,4.6,33.0,,
83,7,246,MIA,shannon myers,WR,,Lenoir-Rhyne,1995,,,,,,
84,1,1,NYJ,keyshawn johnson,WR,24.0,USC,1996,75.3,220.0,,31.5,4.25,
85,1,7,NWE,terry glenn,WR,22.0,Ohio St.,1996,70.5,184.0,,,,
86,1,18,STL,eddie kennison,WR,23.0,LSU,1996,71.4,191.0,4.5,34.5,4.23,
87,1,19,IND,marvin harrison,WR,24.0,Syracuse,1996,71.9,181.0,,,,
88,1,24,BUF,eric moulds,WR,23.0,Mississippi St.,1996,72.9,204.0,,,,
89,2,31,NYJ,alex van dyke,WR,22.0,Nevada,1996,71.9,200.0,4.57,33.0,4.62,
90,2,34,NYG,amani toomer,WR,21.0,Michigan,1996,74.9,197.0,4.5,40.0,4.14,
91,2,41,SDG,bryan still,WR,22.0,Virginia Tech,1996,71.1,176.0,4.4,37.5,4.06,
92,2,43,CAR,muhsin muhammad,WR,23.0,Michigan St.,1996,73.8,217.0,4.53,33.0,4.16,
93,2,52,CHI,bobby engram,WR,23.0,Penn St.,1996,69.6,187.0,,,,
94,2,56,GNB,derrick mayes,WR,22.0,Notre Dame,1996,72.1,200.0,4.67,35.5,4.11,
95,3,89,SFO,terrell owens,WR,22.0,Chattanooga,1996,74.9,213.0,4.65,33.0,4.26,
96,3,94,DAL,stepfret williams,WR,23.0,La-Monroe,1996,71.9,170.0,4.59,31.0,4.44,
97,4,110,JAX,reggie barlow,WR,23.0,Alabama St.,1996,71.3,187.0,4.59,32.5,4.2,
98,4,114,SDG,charlie jones,WR,23.0,Fresno St.,1996,,,,,,
99,4,132,PIT,jahine arnold,WR,23.0,Fresno St.,1996,72.3,176.0,4.68,30.0,4.2,
100,5,135,KAN,joe horn,WR,24.0,Itawamba (MS),1996,,,,,,
101,5,136,NOR,mercury hayes,WR,23.0,Michigan,1996,70.0,198.0,4.68,34.0,4.12,
102,5,153,BAL,jermaine lewis,WR,21.0,Maryland,1996,67.4,172.0,4.47,33.5,4.3,
103,5,159,DEN,patrick jeffers,WR,23.0,Virginia,1996,75.1,221.0,4.63,35.0,4.21,
104,5,160,SFO,iheanyi uwaezuoke,WR,23.0,California,1996,72.0,192.0,,,,
105,5,165,NOR,terry guess,WR,21.0,Gardner-Webb,1996,72.1,200.0,4.6,,,
106,6,176,KAN,dietrich jells,WR,24.0,Pittsburgh,1996,70.3,184.0,,,,
107,6,180,TAM,nilo silvan,WR,22.0,Tennessee,1996,,,,,,
108,6,185,JAX,chris doering,WR,23.0,Florida,1996,75.5,191.0,4.87,30.5,4.52,
109,6,186,BAL,james roe,WR,23.0,Norfolk St.,1996,72.6,187.0,4.66,38.5,4.34,
110,6,199,PHI,phillip riley,WR,23.0,Florida St.,1996,70.9,189.0,4.5,32.5,4.46,
111,6,204,NOR,toderick malone,WR,,Alabama,1996,70.4,179.0,4.69,31.5,4.2,
112,7,217,CAR,donnell baker,WR,,Southern,1996,,,,,,
113,7,227,JAX,clarence jones,WR,,Tennessee St.,1996,71.6,184.0,4.59,33.5,4.3,
114,7,228,JAX,gregory spann,WR,,Jackson St.,1996,,,,,,
115,7,250,WAS,deandre maxwell,WR,,San Diego St.,1996,,,,,,
116,7,251,MIA,brice hunter,WR,22.0,Georgia,1996,72.1,214.0,,,,
117,1,7,NYG,ike hilliard,WR,21.0,Florida,1997,71.9,189.0,,,,
118,1,15,MIA,yatil green,WR,23.0,Miami (FL),1997,74.9,199.0,4.41,40.5,4.17,7.52
119,1,16,TAM,reidel anthony,WR,20.0,Florida,1997,71.5,183.0,,,,
120,1,27,CAR,rae carruth,WR,23.0,Colorado,1997,70.6,194.0,,,,
121,2,46,TEN,joey kent,WR,23.0,Tennessee,1997,72.6,186.0,,,,
122,2,47,KAN,kevin lockett,WR,22.0,Kansas St.,1997,71.9,171.0,4.57,36.5,3.93,6.88
123,2,53,PIT,will blackwell,WR,22.0,San Diego St.,1997,72.0,185.0,4.62,34.0,4.28,7.31
124,3,88,NYJ,dedric ward,WR,22.0,Northern Iowa,1997,68.6,175.0,4.56,31.0,4.14,7.1
125,4,98,TEN,derrick mason,WR,23.0,Michigan St.,1997,70.8,193.0,4.55,32.0,4.46,7.33
126,4,108,CHI,marcus robinson,WR,22.0,South Carolina,1997,75.4,213.0,4.55,37.0,,
127,4,115,WAS,albert connell,WR,23.0,Texas A&M,1997,72.4,184.0,4.55,,,
128,4,116,NOR,keith poole,WR,23.0,Arizona St.,1997,72.8,188.0,4.57,31.0,4.28,7.3
129,4,127,DAL,macey brooks,WR,22.0,James Madison,1997,76.6,214.0,4.65,38.5,4.13,7.31
130,5,139,ARI,chad carpenter,WR,,Washington St.,1997,,,,,,
131,5,150,IND,nate jacquet,WR,22.0,San Diego St.,1997,,,,,,
132,6,170,MIA,brian manning,WR,22.0,Stanford,1997,71.1,181.0,4.59,34.5,4.12,7.31
133,6,190,PHI,antwuan wyatt,WR,22.0,Bethune-Cookman,1997,70.0,199.0,,33.5,4.33,7.52
134,6,192,NWE,tony gaiter,WR,23.0,Miami (FL),1997,,,,,,
135,6,195,KAN,isaac byrd,WR,22.0,Kansas,1997,,,,,,
136,6,197,TAM,nigea carter,WR,,Michigan St.,1997,,,,,,
137,7,213,GNB,chris miller,WR,,USC,1997,70.1,192.0,4.58,31.5,4.32,7.4
138,7,223,PIT,mike adams,WR,23.0,Texas,1997,71.4,184.0,4.59,29.5,4.38,7.51
139,7,232,DET,marcus harris,WR,,Wyoming,1997,73.4,213.0,4.68,34.0,4.09,7.42
140,7,235,MIN,matthew hatchette,WR,23.0,Langston,1997,,,,,,
141,1,16,TEN,kevin dyson,WR,23.0,Utah,1998,73.1,199.0,,,,
142,1,21,MIN,randy moss,WR,21.0,Marshall,1998,75.6,194.0,4.38,33.0,4.17,7.19
143,1,30,DEN,marcus nash,WR,22.0,Tennessee,1998,74.9,193.0,,,,
144,2,32,IND,jerome pathon,WR,22.0,Washington,1998,72.0,187.0,,,,
145,2,34,TAM,jacquez green,WR,22.0,Florida,1998,68.9,173.0,,,,
146,2,42,BAL,patrick johnson,WR,22.0,Oregon,1998,70.1,181.0,4.42,34.5,,
147,2,50,DET,germane crowell,WR,21.0,Virginia,1998,75.4,212.0,,,,
148,2,52,NWE,tony simmons,WR,23.0,Wisconsin,1998,72.8,203.0,4.35,36.5,3.96,7.15
149,2,55,NYG,joe jurevicius,WR,23.0,Penn St.,1998,76.9,231.0,4.66,31.5,4.48,7.49
150,3,70,NYG,brian alford,WR,23.0,Purdue,1998,73.5,187.0,4.46,37.0,4.04,7.49
151,3,71,IND,e.g. green,WR,23.0,Florida St.,1998,71.5,187.0,,,,
152,3,74,ATL,jammi german,WR,24.0,Miami (FL),1998,72.5,187.0,4.53,39.5,,
153,3,82,MIA,larry shannon,WR,23.0,East Carolina,1998,76.3,210.0,,,,
154,3,92,PIT,hines ward,WR,22.0,Georgia,1998,71.6,195.0,,30.5,4.09,7.09
155,4,96,STL,az-zahir hakim,WR,21.0,San Diego St.,1998,69.6,179.0,4.45,36.0,4.25,7.44
156,4,106,CAR,donald hayes,WR,23.0,Wisconsin,1998,76.6,208.0,4.57,36.0,4.07,7.38
157,4,114,ATL,tim dwight,WR,23.0,Iowa,1998,,,,,,
158,5,150,GNB,corey bradford,WR,22.0,Jackson St.,1998,72.6,197.0,4.47,34.5,4.36,8.07
159,6,160,BUF,fred coleman,WR,23.0,Washington,1998,72.1,187.0,4.45,34.5,4.17,7.16
160,6,167,CIN,jason tucker,WR,22.0,TCU,1998,73.0,182.0,4.55,37.0,4.01,7.06
161,6,169,SEA,bobby shaw,WR,23.0,California,1998,,,,,,
162,6,170,WAS,patrick palmer,WR,,Northwestern St. (LA),1998,73.3,182.0,4.58,35.0,4.24,7.46
163,6,174,NYJ,chris brazzell,WR,22.0,Angelo State (TX),1998,,,,,,
164,7,192,JAX,alvis whitted,WR,24.0,North Carolina St.,1998,71.5,184.0,4.5,34.5,4.11,7.32
165,7,193,ARI,phil savoy,WR,,Colorado,1998,,,,,,
166,7,204,NOR,andy mccullough,WR,22.0,Tennessee,1998,75.0,209.0,4.57,34.5,4.06,7.18
167,7,215,SFO,ryan thelwell,WR,25.0,Minnesota,1998,73.6,182.0,4.59,36.0,4.0,6.88
168,7,228,CAR,jim turner,WR,,Syracuse,1998,75.5,210.0,4.46,35.0,4.21,7.15
169,7,234,SDG,kio sanford,WR,,Kentucky,1998,70.1,180.0,4.53,33.5,4.19,7.55
170,7,238,BUF,kamil loud,WR,22.0,Cal Poly-San Luis Obispo,1998,71.9,190.0,4.47,32.0,4.26,7.84
171,1,6,STL,torry holt,WR,23.0,North Carolina St.,1999,72.3,192.0,4.44,37.0,,
172,1,8,ARI,david boston,WR,21.0,Ohio St.,1999,73.3,215.0,4.47,37.0,4.09,7.2
173,1,13,PIT,troy edwards,WR,22.0,Louisiana Tech,1999,69.5,191.0,4.57,36.5,4.16,7.37
174,2,32,CLE,kevin johnson,WR,23.0,Syracuse,1999,71.1,194.0,4.41,36.5,3.86,6.79
175,2,53,BUF,peerless price,WR,22.0,Tennessee,1999,70.9,180.0,4.55,35.0,4.09,7.28
176,3,71,CHI,d'wayne bates,WR,23.0,Northwestern,1999,73.6,215.0,4.59,37.0,4.24,7.25
177,3,78,CHI,marty booker,WR,23.0,La-Monroe,1999,,,,,,
178,3,82,SEA,karsten bailey,WR,22.0,Auburn,1999,71.8,205.0,4.33,40.0,3.99,6.99
179,3,93,DEN,travis mcgriff,WR,23.0,Florida,1999,68.0,185.0,4.53,35.5,4.13,7.28
180,4,98,CIN,craig yeast,WR,22.0,Kentucky,1999,67.6,164.0,4.49,32.5,4.14,7.31
181,4,102,OAK,dameane douglas,WR,23.0,California,1999,71.9,201.0,4.7,31.5,4.36,7.36
182,4,105,BAL,brandon stokley,WR,23.0,Louisiana,1999,73.0,197.0,4.49,35.5,4.01,7.04
183,4,108,KAN,larry parker,WR,23.0,USC,1999,72.9,200.0,4.49,35.5,,
184,4,118,DAL,wane mcgarity,WR,22.0,Texas,1999,68.0,194.0,4.53,33.0,4.36,7.21
185,4,130,PHI,na brown,WR,22.0,North Carolina,1999,72.6,184.0,4.56,30.5,4.21,7.12
186,5,148,CLE,darrin chiaverini,WR,21.0,Colorado,1999,73.1,212.0,4.53,33.0,4.16,
187,5,164,ATL,eugene baker,WR,23.0,Kent St.,1999,72.5,167.0,4.46,36.5,4.03,6.9
188,5,166,PIT,malcolm johnson,WR,22.0,Notre Dame,1999,,,,,,
189,6,171,SFO,tai streets,WR,22.0,Michigan,1999,73.4,194.0,4.44,37.0,,
190,6,186,TEN,darran hall,WR,,Colorado St.,1999,68.5,168.0,4.45,34.0,4.33,7.25
191,6,193,DAL,martay jenkins,WR,24.0,Nebraska-Omaha,1999,71.4,203.0,4.5,39.5,4.18,7.3
192,6,196,GNB,dee miller,WR,,Ohio St.,1999,71.9,199.0,4.51,33.5,4.31,7.2
193,6,201,PHI,troy smith,WR,22.0,East Carolina,1999,73.0,194.0,4.63,35.5,4.24,7.25
194,6,204,DEN,chad plummer,WR,23.0,Cincinnati,1999,74.9,223.0,4.57,33.0,4.18,7.34
195,7,213,GNB,donald driver,WR,24.0,Alcorn St.,1999,,,,,,
196,7,217,WAS,tim alexander,WR,,Oregon St.,1999,,,,,,
197,7,221,CHI,sulecio sanford,WR,,Middle Tenn. St.,1999,,,,,,
198,7,240,TAM,darnell mcdonald,WR,23.0,Kansas St.,1999,75.0,202.0,4.74,34.0,4.24,7.27
199,7,241,NWE,sean morey,WR,23.0,Brown,1999,,,,,,
200,7,247,ATL,rondel menendez,WR,,East. Kentucky,1999,69.0,178.0,4.24,37.0,3.96,6.79
0,1,4,CIN,peter warrick,WR,23.0,Florida St.,2000,71.0,194.0,4.58,,,
1,1,8,PIT,plaxico burress,WR,23.0,Michigan St.,2000,77.0,231.0,4.59,33.0,,
2,1,10,BAL,travis taylor,WR,22.0,Florida,2000,73.0,199.0,4.43,37.0,,7.15
3,1,21,KAN,sylvester morris,WR,22.0,Jackson St.,2000,75.0,216.0,4.6,34.5,4.17,7.06
4,1,29,JAX,r. jay soward,WR,22.0,USC,2000,69.0,177.0,4.34,35.0,,
5,2,32,CLE,dennis northcutt,WR,22.0,Arizona,2000,70.0,175.0,4.43,37.5,4.04,6.96
6,2,36,PHI,todd pinkston,WR,23.0,Southern Miss,2000,74.0,169.0,4.45,,,
7,2,47,OAK,jerry porter,WR,22.0,West Virginia,2000,74.0,221.0,4.48,,,
8,3,66,CIN,ron dugans,WR,23.0,Florida St.,2000,73.0,206.0,4.58,,,
9,3,69,CHI,dez white,WR,21.0,Georgia Tech,2000,73.0,218.0,4.62,37.5,4.09,6.91
10,3,70,DEN,chris cole,WR,22.0,Texas A&M,2000,72.0,191.0,4.37,37.5,4.09,6.76
11,3,73,NYG,ron dixon,WR,24.0,Lambuth,2000,,,,,,
12,3,78,NYJ,laveranues coles,WR,22.0,Florida St.,2000,71.0,192.0,4.41,34.0,4.39,6.89
13,3,79,CLE,jajuan dawson,WR,22.0,Tulane,2000,73.0,199.0,4.55,34.0,4.16,6.96
14,3,80,SEA,darrell jackson,WR,21.0,Florida,2000,72.0,197.0,4.56,,,
15,4,99,PHI,gari scott,WR,22.0,Michigan St.,2000,72.0,194.0,4.59,33.5,,
16,4,103,PIT,danny farmer,WR,23.0,UCLA,2000,75.0,217.0,4.58,,,
17,4,111,SDG,trevor gaylor,WR,22.0,Miami (OH),2000,75.0,199.0,4.56,37.5,4.29,7.03
18,4,114,GNB,anthony lucas,WR,,Arkansas,2000,75.0,194.0,4.53,35.0,,
19,4,121,BUF,avion black,WR,23.0,Tennessee St.,2000,,,,,,
20,5,143,NYJ,windrell hayes,WR,23.0,USC,2000,71.0,204.0,4.5,,4.18,7.33
21,5,151,GNB,joey jamison,WR,,Texas Southern,2000,,,,,,
22,5,153,KAN,dante hall,WR,21.0,Texas A&M,2000,,,,,,
23,5,154,DEN,muneer moore,WR,,Richmond,2000,73.0,201.0,4.52,37.5,4.09,6.91
24,5,165,MIN,troy walters,WR,23.0,Stanford,2000,66.0,171.0,4.55,32.5,3.84,6.61
25,6,170,CHI,frank murphy,WR,23.0,Kansas St.,2000,,,,,,
26,6,172,ATL,mareno philyaw,WR,22.0,Troy,2000,74.0,205.0,4.66,39.5,4.13,6.93
27,6,175,SEA,james williams,WR,22.0,Marshall,2000,71.0,180.0,4.59,36.0,4.16,7.22
28,6,196,JAX,emanuel smith,WR,24.0,Arkansas,2000,,,,,,
29,6,200,NOR,sherrod gideon,WR,,Southern Miss,2000,71.0,173.0,4.66,,,
30,7,208,KAN,desmond kitchings,WR,,Furman,2000,,,,,,
31,7,233,BUF,drew haddad,WR,22.0,Buffalo,2000,,,,,,
32,7,242,GNB,charles lee,WR,22.0,Central Florida,2000,73.0,202.0,4.56,35.5,4.25,7.3
33,7,246,DEN,leroy fields,WR,,Jackson St.,2000,,,,,,
34,7,250,WAS,ethan howell,WR,,Oklahoma St.,2000,,,,,,
35,1,8,CHI,david terrell,WR,22.0,Michigan,2001,75.0,213.0,4.43,,,
36,1,9,SEA,koren robinson,WR,21.0,North Carolina St.,2001,73.0,211.0,4.61,,,
37,1,15,WAS,rod gardner,WR,23.0,Clemson,2001,74.0,219.0,4.48,,,
38,1,16,NYJ,santana moss,WR,22.0,Miami (FL),2001,70.0,184.0,4.31,,,
39,1,25,PHI,freddie mitchell,WR,22.0,UCLA,2001,71.0,185.0,4.46,39.5,4.06,6.95
40,1,30,IND,reggie wayne,WR,22.0,Miami (FL),2001,72.0,198.0,4.45,,,
41,2,33,CLE,quincy morgan,WR,23.0,Kansas St.,2001,73.0,211.0,4.48,,,
42,2,36,CIN,chad johnson,WR,23.0,Oregon St.,2001,73.0,192.0,4.57,33.0,4.14,7.51
43,2,41,GNB,robert ferguson,WR,21.0,Texas A&M,2001,73.0,205.0,4.48,36.5,4.07,7.24
44,2,52,MIA,chris chambers,WR,23.0,Wisconsin,2001,72.0,210.0,4.33,45.0,4.0,
45,3,74,CAR,steve smith.,WR,22.0,Utah,2001,69.0,184.0,4.41,38.5,4.25,7.44
46,3,77,KAN,snoop minnis,WR,24.0,Florida St.,2001,73.0,171.0,4.57,37.5,4.07,7.06
47,4,116,STL,milton wynn,WR,22.0,Washington St.,2001,,,,,,
48,4,124,TEN,justin mccareins,WR,22.0,Northern Illinois,2001,74.0,209.0,4.51,41.0,3.99,7.06
49,4,131,MIN,cedric james,WR,22.0,TCU,2001,74.0,204.0,4.49,43.0,,
50,5,136,ATL,vinny sutherland,WR,23.0,Purdue,2001,69.0,192.0,4.48,,,
51,5,140,SEA,alex bannister,WR,22.0,East. Kentucky,2001,77.0,201.0,4.47,30.5,,
52,5,148,DET,scotty anderson,WR,21.0,Grambling St.,2001,74.0,184.0,4.57,34.5,,
53,5,153,NOR,onomo ojo,WR,,UC Davis,2001,,,,,,
54,5,154,WAS,darnerien mccants,WR,24.0,Delaware St.,2001,,,,,,
55,5,159,TEN,eddie berlin,WR,23.0,Northern Iowa,2001,71.0,191.0,4.43,39.5,4.08,6.78
56,5,162,NYG,jonathan carter,WR,22.0,Troy,2001,,,,,,
57,6,166,ARI,bobby newcombe,WR,,Nebraska,2001,70.0,195.0,4.53,37.0,3.98,6.86
58,6,169,SFO,cedrick wilson,WR,22.0,Tennessee,2001,70.0,179.0,4.48,38.0,,
59,6,190,DEN,kevin kasper,WR,23.0,Iowa,2001,72.0,199.0,4.42,43.5,3.73,6.56
60,6,197,STL,francis st. paul,WR,,Northern Arizona,2001,,,,,,
61,7,204,CIN,t.j. houshmandzadeh,WR,23.0,Oregon St.,2001,,,,,,
62,7,208,CHI,john capel,WR,,Florida,2001,71.0,177.0,4.39,36.5,,
63,7,214,BUF,reggie germany,WR,23.0,Ohio St.,2001,73.0,183.0,4.39,,,
64,7,218,PIT,chris taylor,WR,22.0,Texas A&M,2001,71.0,183.0,4.4,35.5,3.93,6.81
65,7,229,OAK,ken-yon rambo,WR,22.0,Ohio St.,2001,73.0,196.0,4.34,,,
66,7,235,JAX,richmond flowers,WR,,Chattanooga,2001,,,,,,
67,7,236,ATL,quentin mccord,WR,23.0,Kentucky,2001,70.0,191.0,4.48,36.5,4.18,7.17
68,7,245,CLE,andre king,WR,27.0,Miami (FL),2001,72.0,199.0,4.61,,,
69,1,13,NOR,donte' stallworth,WR,21.0,Tennessee,2002,72.0,197.0,4.22,,,
70,1,19,DEN,ashley lelie,WR,22.0,Hawaii,2002,75.0,197.0,4.49,,,
71,1,20,GNB,javon walker,WR,23.0,Florida St.,2002,75.0,210.0,4.38,39.5,4.05,6.86
72,2,33,HOU,jabar gaffney,WR,21.0,Florida,2002,73.0,193.0,4.56,,4.06,6.87
73,2,36,BUF,josh reed,WR,22.0,LSU,2002,70.0,210.0,4.54,,,
74,2,46,NYG,tim carter,WR,22.0,Auburn,2002,72.0,190.0,4.32,39.0,3.93,6.68
75,2,47,CLE,andre' davis,WR,23.0,Virginia Tech,2002,73.0,194.0,4.42,39.5,4.1,6.77
76,2,48,SDG,reche caldwell,WR,23.0,Florida,2002,72.0,194.0,4.53,41.5,4.1,7.0
77,2,62,PIT,antwaan randle el,WR,23.0,Indiana,2002,70.0,191.0,4.49,,,
78,2,63,DAL,antonio bryant,WR,21.0,Pittsburgh,2002,73.0,188.0,4.57,37.0,,
79,2,65,NWE,deion branch,WR,23.0,Louisville,2002,69.0,191.0,4.47,36.0,3.78,6.71
80,3,86,TAM,marquis walker,WR,,Michigan,2002,,,,,,
81,3,87,WAS,cliff russell,WR,23.0,Utah,2002,71.0,185.0,4.36,,,
82,3,95,STL,eric crouch,WR,,Nebraska,2002,,,,,,
83,4,123,BAL,ron johnson,WR,22.0,Minnesota,2002,74.0,225.0,4.7,34.5,4.02,7.12
84,5,142,SDG,terry charles,WR,,Portland St.,2002,75.0,207.0,4.52,36.5,4.09,7.02
85,5,144,DEN,herb haygood,WR,24.0,Michigan St.,2002,71.0,193.0,4.45,33.0,4.26,6.65
86,5,149,ARI,jason mcaddley,WR,23.0,Alabama,2002,73.0,203.0,4.47,36.5,4.09,6.83
87,5,151,TEN,jake schifino,WR,22.0,Akron,2002,73.0,200.0,4.49,,,
88,5,162,PHI,freddie milons,WR,,Alabama,2002,70.0,190.0,4.51,33.5,,6.84
89,5,170,MIA,sam simmons,WR,22.0,Northwestern,2002,,,,,,
90,6,184,ATL,kahlil hill,WR,23.0,Iowa,2002,74.0,200.0,4.65,35.0,,
91,6,202,PIT,lee mays,WR,23.0,Texas-El Paso,2002,73.0,190.0,4.55,32.5,4.17,7.08
92,6,203,CHI,jamin elliott,WR,22.0,Delaware,2002,,,,,,
93,6,206,BAL,javin hunter,WR,22.0,Notre Dame,2002,71.0,186.0,4.47,41.0,4.04,6.84
94,6,208,DAL,deveren johnson,WR,,Sacred Heart,2002,,,,,,
95,7,217,ATL,michael coleman,WR,,Widener,2002,,,,,,
96,7,222,JAX,kendall newson,WR,22.0,Middle Tenn. St.,2002,74.0,200.0,4.69,33.5,4.27,6.87
97,7,225,TEN,darrell hill,WR,23.0,Northern Illinois,2002,,,,,,
98,7,226,NYG,daryl jones,WR,23.0,Miami (FL),2002,69.0,180.0,4.35,,,
99,7,235,OAK,ronald curry,WR,23.0,North Carolina,2002,,,,,,
100,7,249,BUF,rodney wright,WR,,Fresno St.,2002,,,,,,
101,7,253,NWE,david givens,WR,22.0,Notre Dame,2002,72.0,217.0,4.56,40.5,4.13,6.82
102,7,254,TAM,aaron lockett,WR,,Kansas St.,2002,67.0,155.0,4.31,35.0,4.11,6.84
103,1,2,DET,charles rogers,WR,22.0,Michigan St.,2003,74.0,202.0,4.4,,,
104,1,3,HOU,andre johnson,WR,22.0,Miami (FL),2003,74.0,230.0,4.41,39.0,,
105,1,17,ARI,bryant johnson,WR,22.0,Penn St.,2003,74.0,214.0,4.57,,,
106,2,44,WAS,taylor jacobs,WR,22.0,Florida,2003,72.0,205.0,4.42,,,
107,2,45,NWE,bethel johnson,WR,24.0,Texas A&M,2003,71.0,201.0,4.38,38.5,,
108,2,54,ARI,anquan boldin,WR,22.0,Florida St.,2003,73.0,216.0,4.72,33.5,4.33,7.35
109,2,60,TEN,tyrone calico,WR,22.0,Middle Tenn. St.,2003,76.0,223.0,4.34,38.0,4.26,6.73
110,3,65,CIN,kelley washington,WR,24.0,Tennessee,2003,74.0,223.0,4.42,,,
111,3,71,MIN,nate burleson,WR,22.0,Nevada,2003,72.0,197.0,4.51,42.5,4.16,6.96
112,3,74,STL,kevin curtis,WR,25.0,Utah St.,2003,71.0,186.0,4.42,36.0,3.99,6.76
113,3,95,PHI,billy mcmullen,WR,23.0,Virginia,2003,76.0,210.0,4.61,,,
114,4,106,STL,shaun mcdonald,WR,22.0,Arizona St.,2003,68.0,169.0,4.43,,,
115,4,124,SFO,brandon lloyd,WR,22.0,Illinois,2003,72.0,184.0,4.62,36.0,,
116,4,127,BUF,sam aiken,WR,22.0,North Carolina,2003,74.0,209.0,4.59,39.5,,7.22
117,5,139,CHI,bobby wade,WR,22.0,Arizona,2003,70.0,193.0,4.66,34.5,4.11,7.01
118,5,143,CHI,justin gage,WR,22.0,Missouri,2003,76.0,217.0,4.45,,,
119,5,158,DEN,adrian madise,WR,23.0,TCU,2003,71.0,215.0,4.49,32.0,4.26,7.32
120,5,159,ATL,jon olinger,WR,,Cincinnati,2003,,,,,,
121,5,167,OAK,doug gabriel,WR,23.0,Central Florida,2003,74.0,213.0,4.52,35.5,4.16,7.05
122,5,169,MIA,j.r. tolver,WR,,San Diego St.,2003,73.0,202.0,4.67,36.0,4.23,6.99
123,6,175,DET,david kircus,WR,23.0,Grand Valley St.,2003,,,,,,
124,6,186,DAL,zuriel smith,WR,23.0,Hampton,2003,,,,,,
125,6,196,ATL,latarence dunbar,WR,23.0,TCU,2003,71.0,196.0,4.52,34.0,4.35,7.41
126,6,197,SFO,arnaz battle,WR,23.0,Notre Dame,2003,73.0,217.0,4.58,35.0,4.06,6.74
127,6,199,NYG,willie ponder,WR,23.0,SE Missouri St.,2003,,,,,,
128,6,203,NOR,kareem kelly,WR,,USC,2003,72.0,186.0,4.42,35.0,4.24,7.51
129,6,211,NYG,david tyree,WR,23.0,Syracuse,2003,,,,,,
130,7,221,MIN,keenan howry,WR,22.0,Oregon,2003,70.0,178.0,4.56,31.5,4.28,7.34
131,7,224,SEA,taco wallace,WR,22.0,Kansas St.,2003,,,,,,
132,7,226,CAR,walter young,WR,23.0,Illinois,2003,77.0,214.0,4.54,39.0,4.25,6.9
133,7,231,NOR,talman gardner,WR,23.0,Florida St.,2003,73.0,205.0,4.44,34.5,4.43,7.54
134,7,253,GNB,deandrew rubin,WR,,South Florida,2003,,,,,,
135,7,255,NYG,kevin walter,WR,22.0,East. Michigan,2003,,,,,,
136,7,256,GNB,carl ford,WR,22.0,Toledo,2003,,,,,,
137,7,260,DET,travis anglin,WR,,Memphis,2003,,,,,,
138,7,262,OAK,ryan hoag,WR,,Gustavus Adolphus,2003,74.0,200.0,4.51,38.0,3.95,6.72
139,1,3,ARI,larry fitzgerald,WR,21.0,Pittsburgh,2004,75.0,225.0,4.48,,,
140,1,7,DET,roy williams,WR,22.0,Texas,2004,74.0,212.0,4.48,,,
141,1,9,JAX,reggie williams,WR,21.0,Washington,2004,76.0,229.0,4.56,,,
142,1,13,BUF,lee evans,WR,23.0,Wisconsin,2004,71.0,197.0,4.39,34.5,,
143,1,15,TAM,michael clayton,WR,21.0,LSU,2004,75.0,209.0,4.67,32.5,4.09,6.77
144,1,29,ATL,michael jenkins,WR,22.0,Ohio St.,2004,76.0,218.0,4.4,,,
145,1,31,SFO,rashaun woods,WR,23.0,Oklahoma St.,2004,74.0,202.0,4.47,39.0,3.97,6.93
146,2,50,NOR,devery henderson,WR,22.0,LSU,2004,71.0,198.0,4.41,,,
147,2,54,DEN,darius watts,WR,22.0,Marshall,2004,73.0,188.0,4.5,,,
148,2,62,CAR,keary colbert,WR,22.0,USC,2004,73.0,207.0,4.6,30.0,,
149,3,77,SFO,derrick hamilton,WR,22.0,Clemson,2004,75.0,196.0,4.54,,,
150,3,78,CHI,bernard berrian,WR,23.0,Fresno St.,2004,73.0,183.0,4.58,38.0,4.18,7.34
151,3,82,BAL,devard darling,WR,22.0,Washington St.,2004,73.0,213.0,4.52,37.0,,
152,4,99,OAK,carlos francis,WR,23.0,Texas Tech,2004,69.0,198.0,4.33,38.5,4.06,6.97
153,4,105,KAN,samie parker,WR,23.0,Oregon,2004,70.0,179.0,4.39,36.0,,
154,4,108,NYJ,jerricho cotchery,WR,22.0,North Carolina St.,2004,72.0,212.0,4.54,36.0,3.91,6.93
155,4,120,JAX,ernest wilford,WR,25.0,Virginia Tech,2004,76.0,226.0,4.79,40.5,4.17,
156,5,134,OAK,johnnie morant,WR,22.0,Syracuse,2004,76.0,229.0,4.51,41.0,4.22,7.34
157,5,149,CIN,maurice mann,WR,21.0,Nevada,2004,73.0,191.0,4.57,34.0,,
158,5,157,SEA,d.j. hackett,WR,23.0,Colorado,2004,74.0,199.0,4.53,41.0,4.08,6.79
159,5,163,CAR,drew carter,WR,23.0,Ohio St.,2004,76.0,204.0,4.36,,,
160,5,164,NWE,p.k. sam,WR,20.0,Florida St.,2004,75.0,210.0,4.54,34.5,,7.04
161,6,168,NYG,jamaar taylor,WR,23.0,Texas A&M,2004,73.0,197.0,4.46,,,
162,6,171,DEN,triandos luke,WR,22.0,Alabama,2004,71.0,199.0,4.51,38.0,4.17,7.06
163,6,195,KAN,jeris mcintyre,WR,,Auburn,2004,71.0,203.0,4.46,29.0,4.08,6.98
164,6,199,BAL,clarence moore,WR,21.0,Northern Arizona,2004,78.0,211.0,4.55,34.0,4.16,6.84
165,7,206,TAM,mark jones,WR,23.0,Tennessee,2004,,,,,,
166,7,211,HOU,sloan thomas,WR,22.0,Texas,2004,73.0,203.0,4.5,,,
167,7,214,BUF,jonathan smith,WR,22.0,Georgia Tech,2004,70.0,194.0,4.78,32.5,4.35,
168,7,216,DAL,patrick crayton,WR,25.0,NW Oklahoma St.,2004,,,,,,
169,7,244,BAL,derek abney,WR,,Kentucky,2004,69.0,179.0,4.58,33.5,4.08,6.89
170,1,3,CLE,braylon edwards,WR,22.0,Michigan,2005,75.0,211.0,4.45,,,
171,1,7,MIN,troy williamson,WR,22.0,South Carolina,2005,73.0,203.0,4.32,,,6.99
172,1,10,DET,mike williams,WR,21.0,USC,2005,77.0,229.0,4.56,36.5,,
173,1,21,JAX,matt jones,WR,22.0,Arkansas,2005,,,,,,
174,1,22,BAL,mark clayton,WR,23.0,Oklahoma,2005,70.0,193.0,4.41,36.5,4.07,6.95
175,1,27,ATL,roddy white,WR,23.0,Ala-Birmingham,2005,73.0,207.0,4.46,,,
176,2,35,PHI,reggie brown,WR,24.0,Georgia,2005,74.0,196.0,4.45,41.5,3.94,6.99
177,2,39,CHI,mark bradley,WR,23.0,Oklahoma,2005,73.0,201.0,4.37,39.5,3.98,6.96
178,2,55,BUF,roscoe parrish,WR,23.0,Miami (FL),2005,70.0,168.0,4.37,,,
179,2,58,GNB,terrence murphy,WR,22.0,Texas A&M,2005,73.0,202.0,4.39,,,
180,2,61,SDG,vincent jackson,WR,22.0,Northern Colorado,2005,77.0,241.0,4.46,39.0,,
181,3,68,TEN,courtney roby,WR,22.0,Indiana,2005,72.0,189.0,4.41,36.5,3.94,6.6
182,3,83,CIN,chris henry,WR,22.0,West Virginia,2005,76.0,197.0,4.5,,,
183,3,96,TEN,brandon jones,WR,23.0,Oklahoma,2005,73.0,210.0,4.42,37.0,4.08,7.03
184,4,114,HOU,jerome mathis,WR,22.0,Hampton,2005,71.0,181.0,4.28,35.5,,
185,4,116,KAN,craphonso thorpe,WR,22.0,Florida St.,2005,73.0,188.0,4.38,,,
186,4,118,NOR,chase lyman,WR,,California,2005,75.0,217.0,4.5,,,
187,4,131,PIT,fred gibson,WR,,Georgia,2005,76.0,196.0,4.55,38.5,4.1,7.03
188,4,136,TEN,roydell williams,WR,24.0,Tulane,2005,,,,,,
189,5,140,CHI,airese currie,WR,22.0,Clemson,2005,70.0,186.0,4.49,38.0,4.07,7.05
190,5,155,TAM,larry brackins,WR,,Pearl River CC,2005,,,,,,
191,5,174,SFO,rasheed marshall,WR,24.0,West Virginia,2005,72.0,185.0,4.51,38.0,3.95,6.81
192,6,185,JAX,chad owens,WR,23.0,Hawaii,2005,67.0,183.0,4.62,37.0,3.94,6.7
193,6,190,CIN,tab perry,WR,23.0,UCLA,2005,74.0,229.0,4.46,34.0,,7.0
194,6,192,STL,dante ridgeway,WR,21.0,Ball St.,2005,,,,,,
195,6,195,GNB,craig bragg,WR,,UCLA,2005,73.0,196.0,4.46,36.0,,
196,7,223,SFO,marcus maxwell,WR,22.0,Oregon,2005,,,,,,
197,7,225,TAM,paris warren,WR,23.0,Utah,2005,72.0,219.0,4.71,31.5,,
198,7,226,ARI,leron mccoy,WR,23.0,Indiana (PA),2005,73.0,211.0,4.4,37.0,4.21,7.19
199,7,240,NYJ,harry williams,WR,23.0,Tuskegee,2005,,,,,,
200,7,253,TAM,j.r. russell,WR,,Louisville,2005,75.0,206.0,4.56,34.5,,
201,1,25,PIT,santonio holmes,WR,22.0,Ohio St.,2006,71.0,188.0,4.35,,,
202,2,36,NWE,chad jackson,WR,21.0,Florida,2006,73.0,213.0,4.32,38.5,3.97,6.73
203,2,44,NYG,sinorice moss,WR,22.0,Miami (FL),2006,68.0,185.0,4.38,,,
204,2,52,GNB,greg jennings,WR,22.0,Western Michigan,2006,71.0,197.0,4.42,36.5,4.16,6.68
205,3,78,CLE,travis wilson,WR,22.0,Oklahoma,2006,74.0,214.0,4.47,36.5,3.99,6.7
206,3,82,MIA,derek hagan,WR,21.0,Arizona St.,2006,74.0,208.0,4.45,36.0,4.07,
207,3,84,SFO,brandon williams,WR,22.0,Wisconsin,2006,69.0,179.0,4.48,34.5,4.07,6.87
208,3,90,TAM,maurice stovall,WR,21.0,Notre Dame,2006,76.0,217.0,4.57,35.0,4.14,6.81
209,3,95,PIT,willie reid,WR,23.0,Florida St.,2006,70.0,188.0,4.34,37.5,4.26,7.06
210,4,100,SFO,michael robinson,WR,23.0,Penn St.,2006,73.0,227.0,4.57,,,
211,4,104,GNB,cory rodgers,WR,,TCU,2006,72.0,188.0,4.58,33.5,4.19,7.37
212,4,109,PHI,jason avant,WR,23.0,Michigan,2006,72.0,212.0,4.62,37.0,,
213,4,111,BAL,demetrius williams,WR,23.0,Oregon,2006,74.0,197.0,4.52,38.0,4.08,6.84
214,4,119,DEN,brandon marshall,WR,22.0,Central Florida,2006,76.0,229.0,4.52,37.0,,
215,4,125,DAL,skyler green,WR,21.0,LSU,2006,69.0,192.0,4.53,34.0,,
216,4,130,DEN,domenik hixon,WR,21.0,Akron,2006,,,,,,
217,5,144,STL,marques hagans,WR,23.0,Virginia,2006,,,,,,
218,6,171,NOR,mike hass,WR,23.0,Oregon St.,2006,73.0,208.0,4.59,32.0,4.14,6.97
219,6,172,TEN,jonathan orr,WR,,Wisconsin,2006,74.0,198.0,4.44,35.5,4.16,7.31
220,6,175,SFO,delanie walker,WR,22.0,Central Missouri St.,2006,73.0,240.0,4.49,36.5,,
221,6,184,ATL,adam jennings,WR,23.0,Fresno St.,2006,69.0,181.0,4.44,37.5,4.12,6.88
222,6,190,KAN,jeff webb,WR,24.0,San Diego St.,2006,74.0,211.0,4.4,37.0,4.08,6.81
223,7,209,CIN,ethan kilmer,WR,23.0,Penn St.,2006,,,,,,
224,7,218,ARI,todd watkins,WR,23.0,BYU,2006,74.0,202.0,4.4,36.0,4.24,7.13
225,7,231,CIN,bennie brazell,WR,,LSU,2006,,,,,,
226,7,233,MIA,devin aromashodu,WR,22.0,Auburn,2006,74.0,201.0,4.35,39.0,4.16,7.04
227,7,249,SEA,ben obomanu,WR,22.0,Auburn,2006,73.0,205.0,4.45,38.0,4.21,7.17
228,7,251,HOU,david anderson,WR,23.0,Colorado St.,2006,70.0,192.0,4.57,34.0,4.2,6.88
229,7,252,NOR,marques colston,WR,23.0,Hofstra,2006,77.0,224.0,4.5,37.0,4.43,6.94
230,7,255,OAK,kevin mcmahan,WR,,Maine,2006,,,,,,
231,1,2,DET,calvin johnson,WR,21.0,Georgia Tech,2007,77.0,239.0,4.35,,,
232,1,9,MIA,ted ginn,WR,22.0,Ohio St.,2007,71.0,178.0,4.38,,,
233,1,23,KAN,dwayne bowe,WR,22.0,LSU,2007,74.0,221.0,4.51,33.0,4.35,6.81
234,1,27,NOR,robert meachem,WR,22.0,Tennessee,2007,74.0,214.0,4.39,37.5,4.31,6.97
235,1,30,SDG,craig davis,WR,21.0,LSU,2007,,,,,,
236,1,32,IND,anthony gonzalez,WR,22.0,Ohio St.,2007,72.0,193.0,4.44,38.0,4.08,6.54
237,2,44,MIN,sidney rice,WR,21.0,South Carolina,2007,75.0,200.0,4.51,39.5,4.34,7.09
238,2,45,CAR,dwayne jarrett,WR,20.0,USC,2007,76.0,219.0,4.62,,,
239,2,51,NYG,steve smith,WR,22.0,USC,2007,72.0,197.0,4.44,38.0,4.19,6.68
240,3,73,HOU,jacoby jones,WR,23.0,Lane,2007,75.0,210.0,4.5,34.0,4.31,7.03
241,3,74,BAL,yamon figurs,WR,24.0,Kansas St.,2007,71.0,174.0,4.3,,4.21,6.85
242,3,75,ATL,laurent robinson,WR,22.0,Illinois St.,2007,74.0,199.0,4.38,39.0,4.28,6.83
243,3,76,SFO,jason hill,WR,22.0,Washington St.,2007,72.0,204.0,4.32,37.0,4.22,7.02
244,3,78,GNB,james jones,WR,23.0,San Jose St.,2007,73.0,207.0,4.54,34.0,4.2,7.06
245,3,79,JAX,mike sims-walker,WR,22.0,Central Florida,2007,74.0,209.0,4.35,36.5,4.39,6.92
246,3,80,TEN,paul williams,WR,23.0,Fresno St.,2007,73.0,205.0,4.45,38.5,4.24,7.03
247,3,99,OAK,johnnie lee higgins,WR,23.0,Texas-El Paso,2007,71.0,186.0,4.48,36.5,4.32,6.62
248,4,118,CAR,ryne robinson,WR,22.0,Miami (OH),2007,69.0,179.0,4.47,35.0,4.21,6.71
249,4,128,TEN,chris davis,WR,23.0,Florida St.,2007,70.0,181.0,4.5,35.5,4.14,6.66
250,5,142,ARI,steve breaston,WR,24.0,Michigan,2007,72.0,193.0,4.46,33.0,4.29,6.9
251,5,146,MIN,aundrae allison,WR,21.0,East Carolina,2007,72.0,198.0,4.39,37.0,,
252,5,157,GNB,david clowney,WR,22.0,Virginia Tech,2007,72.0,188.0,4.36,32.5,4.15,7.0
253,5,169,IND,roy hall,WR,23.0,Ohio St.,2007,,,,,,
254,5,172,SDG,legedu naanee,WR,23.0,Boise St.,2007,74.0,225.0,4.41,40.0,,
255,6,188,TEN,joel filani,WR,,Texas Tech,2007,74.0,211.0,4.57,32.5,,
256,6,197,SEA,courtney taylor,WR,23.0,Auburn,2007,74.0,204.0,4.5,36.0,4.28,7.22
257,6,210,SEA,jordan kent,WR,23.0,Oregon,2007,76.0,217.0,4.49,,,
258,7,227,PIT,dallas baker,WR,24.0,Florida,2007,75.0,208.0,4.53,36.0,4.19,6.69
259,7,229,JAX,john broussard,WR,23.0,San Jose St.,2007,,,,,,
260,7,233,MIN,chandler williams,WR,,Florida International,2007,71.0,184.0,4.42,32.5,4.29,6.99
261,7,234,CLE,syndric steptoe,WR,22.0,Arizona,2007,69.0,194.0,4.59,33.0,,
262,7,235,NYJ,chansi stuckey,WR,23.0,Clemson,2007,71.0,197.0,4.56,35.0,4.14,6.91
263,7,249,STL,derek stanley,WR,22.0,Wisconsin–Whitewater,2007,,,,,,
264,7,254,OAK,jonathan holland,WR,22.0,Louisiana Tech,2007,72.0,191.0,4.45,35.5,4.4,7.12
265,2,33,STL,donnie avery,WR,24.0,Houston,2008,71.0,192.0,4.43,,,
266,2,34,WAS,devin thomas,WR,21.0,Michigan St.,2008,74.0,216.0,4.41,28.0,4.26,7.15
267,2,36,GNB,jordy nelson,WR,23.0,Kansas St.,2008,75.0,217.0,4.51,31.0,4.35,7.03
268,2,41,BUF,james hardy,WR,22.0,Indiana,2008,77.0,217.0,4.45,31.5,4.2,6.84
269,2,42,DEN,eddie royal,WR,22.0,Virginia Tech,2008,70.0,184.0,4.39,36.0,4.34,7.07
270,2,46,CIN,jerome simpson,WR,22.0,Coastal Carolina,2008,74.0,199.0,4.42,37.5,4.52,7.08
271,2,49,PHI,desean jackson,WR,21.0,California,2008,70.0,169.0,4.35,,,
272,2,51,WAS,malcolm kelly,WR,21.0,Oklahoma,2008,76.0,224.0,4.68,,,
273,2,53,PIT,limas sweed,WR,23.0,Texas,2008,76.0,215.0,4.48,35.0,,
274,2,58,TAM,dexter jackson,WR,22.0,Appalachian St.,2008,69.0,182.0,4.33,29.5,4.38,6.81
275,3,70,CHI,earl bennett,WR,21.0,Vanderbilt,2008,71.0,209.0,4.48,26.0,4.22,7.15
276,3,81,ARI,early doucet,WR,22.0,LSU,2008,72.0,209.0,4.59,,,
277,3,84,ATL,harry douglas,WR,23.0,Louisville,2008,71.0,176.0,4.51,31.0,4.12,6.57
278,3,95,NYG,mario manningham,WR,22.0,Michigan,2008,72.0,181.0,4.59,32.0,4.27,7.34
279,3,97,CIN,andre caldwell,WR,23.0,Florida,2008,72.0,204.0,4.35,33.0,4.11,6.75
280,4,105,KAN,will franklin,WR,22.0,Missouri,2008,72.0,214.0,4.37,34.5,,
281,4,106,BAL,marcus smith,WR,23.0,New Mexico,2008,73.0,221.0,4.51,26.5,4.42,7.1
282,4,125,OAK,arman shields,WR,23.0,Richmond,2008,73.0,194.0,4.37,37.5,3.96,6.67
283,4,126,TEN,lavelle hawkins,WR,22.0,California,2008,71.0,187.0,4.57,,,
284,4,128,STL,keenan burton,WR,23.0,Kentucky,2008,72.0,201.0,4.44,38.5,4.2,6.77
285,5,136,DET,kenny moore,WR,23.0,Wake Forest,2008,71.0,195.0,4.47,28.0,4.3,7.09
286,5,153,NWE,matthew slater,WR,22.0,UCLA,2008,,,,,,
287,6,171,NYJ,marcus henry,WR,22.0,Kansas,2008,76.0,207.0,4.55,31.5,4.3,7.08
288,6,174,SFO,josh morgan,WR,23.0,Virginia Tech,2008,72.0,219.0,4.46,,,
289,6,182,KAN,kevin robinson,WR,23.0,Utah St.,2008,71.0,202.0,4.69,27.5,4.77,7.31
290,6,191,CLE,paul hubbard,WR,23.0,Wisconsin,2008,75.0,221.0,4.49,29.5,,
291,6,193,MIN,jaymar johnson,WR,24.0,Jackson St.,2008,71.0,177.0,4.5,32.0,4.18,6.75
292,6,205,IND,pierre garcon,WR,22.0,Mount Union,2008,72.0,210.0,4.42,36.5,4.19,6.9
293,7,215,BAL,justin harper,WR,23.0,Virginia Tech,2008,75.0,213.0,4.56,28.5,4.43,7.03
294,7,217,GNB,brett swain,WR,23.0,San Diego St.,2008,,,,,,
295,7,224,BUF,steve johnson,WR,21.0,Kentucky,2008,,,,,,
296,7,226,OAK,chaz schilens,WR,22.0,San Diego St.,2008,,,,,,
297,7,237,NOR,adrian arrington,WR,22.0,Michigan,2008,75.0,203.0,4.55,,,
298,7,246,CIN,mario urrutia,WR,22.0,Louisville,2008,77.0,232.0,4.59,30.0,4.44,7.07
299,7,248,CHI,marcus monk,WR,22.0,Arkansas,2008,76.0,222.0,4.56,34.5,4.3,7.08
300,1,7,OAK,darrius heyward-bey,WR,22.0,Maryland,2009,74.0,210.0,4.3,38.5,4.18,6.8
301,1,10,SFO,michael crabtree,WR,21.0,Texas Tech,2009,73.0,215.0,4.54,,,
302,1,19,PHI,jeremy maclin,WR,21.0,Missouri,2009,72.0,198.0,4.43,,,
303,1,22,MIN,percy harvin,WR,21.0,Florida,2009,71.0,192.0,4.39,,,
304,1,29,NYG,hakeem nicks,WR,21.0,North Carolina,2009,73.0,212.0,4.51,36.0,,
305,1,30,TEN,kenny britt,WR,20.0,Rutgers,2009,75.0,218.0,4.47,37.0,4.47,
306,2,36,CLE,brian robiskie,WR,21.0,Ohio St.,2009,75.0,209.0,4.46,37.5,4.19,6.72
307,2,50,CLE,mohamed massaquoi,WR,22.0,Georgia,2009,73.0,210.0,4.51,36.5,,
308,3,82,DET,derrick williams,WR,23.0,Penn St.,2009,71.0,194.0,4.47,33.0,,
309,3,83,NWE,brandon tate,WR,21.0,North Carolina,2009,72.0,183.0,4.52,,,
310,3,84,PIT,mike wallace,WR,23.0,Mississippi,2009,72.0,199.0,4.33,40.0,4.27,6.9
311,3,85,NYG,ramses barden,WR,23.0,Cal Poly-San Luis Obispo,2009,78.0,229.0,4.51,33.5,4.26,
312,3,87,MIA,patrick turner,WR,22.0,USC,2009,77.0,223.0,4.59,,,
313,3,91,SEA,deon butler,WR,23.0,Penn St.,2009,70.0,182.0,4.31,34.5,4.48,7.01
314,3,99,CHI,juaquin iglesias,WR,22.0,Oklahoma,2009,73.0,210.0,4.44,34.5,4.4,
315,4,107,JAX,mike thomas,WR,22.0,Arizona,2009,68.0,195.0,4.3,40.5,4.28,6.65
316,4,108,MIA,brian hartline,WR,22.0,Ohio St.,2009,74.0,195.0,4.49,34.5,4.12,6.65
317,4,124,OAK,louis murphy,WR,22.0,Florida,2009,74.0,203.0,4.32,,,
318,4,127,IND,austin collie,WR,23.0,BYU,2009,73.0,200.0,4.53,34.0,4.24,6.78
319,5,140,CHI,johnny knox,WR,22.0,Abilene Christian,2009,71.0,185.0,4.34,35.0,4.15,6.81
320,5,141,DEN,kenny mckinley,WR,22.0,South Carolina,2009,72.0,189.0,4.37,37.0,4.1,6.96
321,5,144,JAX,jarett dillard,WR,23.0,Rice,2009,70.0,191.0,4.5,42.5,4.41,7.1
322,5,160,STL,brooks foster,WR,23.0,North Carolina,2009,72.0,211.0,4.44,,,
323,6,175,KAN,quinten lawrence,WR,24.0,McNeese St.,2009,72.0,184.0,4.4,,,
324,6,194,PHI,brandon gibson,WR,22.0,Washington St.,2009,72.0,210.0,4.59,,,
325,6,206,TEN,dominique edison,WR,23.0,S.F. Austin,2009,74.0,204.0,4.42,37.0,4.18,
326,7,224,SDG,demetrius byrd,WR,,LSU,2009,72.0,199.0,4.35,31.5,,
327,7,229,DAL,manuel johnson,WR,22.0,Oklahoma,2009,71.0,189.0,4.5,,,
328,7,232,NWE,julian edelman,WR,23.0,Kent St.,2009,,,,,,
329,7,233,TAM,sammie stroughter,WR,23.0,Oregon St.,2009,69.0,189.0,4.45,30.0,4.28,7.03
330,7,243,WAS,marko mitchell,WR,24.0,Nevada,2009,76.0,218.0,4.43,32.0,4.33,7.04
331,7,251,CHI,derek kinder,WR,,Pittsburgh,2009,,,,,,
332,7,252,CIN,freddie brown,WR,,Utah,2009,,,,,,
333,7,253,JAX,tiquan underwood,WR,22.0,Rutgers,2009,73.0,184.0,4.31,41.5,4.11,6.62
334,1,22,DEN,demaryius thomas,WR,22.0,Georgia Tech,2010,75.0,224.0,4.52,,,
335,1,24,DAL,dez bryant,WR,21.0,Oklahoma St.,2010,74.0,225.0,4.52,,,
336,2,36,KAN,dexter mccluster,WR,21.0,Mississippi,2010,69.0,172.0,4.53,37.5,4.06,
337,2,39,TAM,arrelious benn,WR,21.0,Illinois,2010,73.0,219.0,4.57,37.0,,
338,2,60,SEA,golden tate,WR,22.0,Notre Dame,2010,70.0,199.0,4.42,35.0,4.34,7.12
339,3,77,TEN,damian williams,WR,22.0,USC,2010,73.0,197.0,4.52,38.0,4.24,6.79
340,3,78,CAR,brandon lafell,WR,23.0,LSU,2010,74.0,211.0,4.58,36.0,4.23,6.81
341,3,82,PIT,emmanuel sanders,WR,23.0,SMU,2010,71.0,186.0,4.4,39.5,4.1,6.64
342,3,84,CIN,jordan shipley,WR,24.0,Texas,2010,71.0,193.0,4.6,36.5,,
343,3,87,DEN,eric decker,WR,23.0,Minnesota,2010,75.0,217.0,4.54,,,
344,3,88,ARI,andre roberts,WR,22.0,The Citadel,2010,71.0,195.0,4.4,36.0,4.15,6.77
345,3,89,CAR,armanti edwards,WR,22.0,Appalachian St.,2010,71.0,187.0,4.41,,,
346,3,90,NWE,taylor price,WR,22.0,Ohio,2010,72.0,204.0,4.4,37.0,4.34,6.82
347,4,99,STL,mardy gilyard,WR,23.0,Cincinnati,2010,72.0,187.0,4.61,39.0,4.4,6.92
348,4,101,TAM,mike williams,WR,23.0,Syracuse,2010,73.0,221.0,4.53,33.5,4.31,6.9
349,4,107,BUF,marcus easley,WR,22.0,Connecticut,2010,75.0,210.0,4.39,34.0,4.6,6.94
350,4,108,OAK,jacoby ford,WR,23.0,Clemson,2010,69.0,186.0,4.28,33.5,4.44,7.0
351,5,156,BAL,david reed,WR,23.0,Utah,2010,72.0,191.0,4.56,37.0,4.38,6.95
352,5,159,PHI,riley cooper,WR,22.0,Florida,2010,75.0,222.0,4.53,33.0,,
353,5,165,ATL,kerry meier,WR,23.0,Kansas,2010,74.0,224.0,4.62,35.0,4.23,
354,6,177,CLE,carlton mitchell,WR,22.0,South Florida,2010,75.0,215.0,4.46,36.0,4.55,6.96
355,6,191,CIN,dezmon briscoe,WR,21.0,Kansas,2010,74.0,207.0,4.66,33.0,4.57,7.1
356,6,195,PIT,antonio brown,WR,22.0,Central Michigan,2010,70.0,186.0,4.56,33.5,4.18,6.98
357,6,197,HOU,trindon holliday,WR,24.0,LSU,2010,65.0,166.0,4.34,42.0,4.48,6.54
358,6,198,CAR,david gettis,WR,23.0,Baylor,2010,75.0,217.0,4.43,34.5,4.41,6.94
359,6,199,MIN,joe webb,WR,23.0,Ala-Birmingham,2010,,,,,,
360,6,206,SFO,kyle williams,WR,22.0,Arizona St.,2010,70.0,188.0,4.4,33.0,4.19,7.0
361,7,219,WAS,terrence austin,WR,22.0,UCLA,2010,,,,,,
362,7,222,TEN,marc mariani,WR,23.0,Montana,2010,,,,,,
363,7,227,HOU,dorin dickerson,WR,22.0,Pittsburgh,2010,,,,,,
364,7,255,DET,tim toone,WR,25.0,Weber St.,2010,,,,,,
365,1,4,CIN,a.j. green,WR,23.0,Georgia,2011,76.0,211.0,4.48,34.5,4.21,6.91
366,1,6,ATL,julio jones,WR,22.0,Alabama,2011,75.0,220.0,4.34,38.5,4.25,6.66
367,1,26,KAN,jonathan baldwin,WR,22.0,Pittsburgh,2011,76.0,228.0,4.49,42.0,4.34,7.07
368,2,44,DET,titus young,WR,22.0,Boise St.,2011,71.0,174.0,4.43,,,
369,2,58,BAL,torrey smith,WR,22.0,Maryland,2011,73.0,204.0,4.41,41.0,4.13,6.72
370,2,59,CLE,greg little,WR,22.0,North Carolina,2011,74.0,231.0,4.51,40.5,4.21,6.8
371,2,64,GNB,randall cobb,WR,21.0,Kentucky,2011,70.0,191.0,4.46,33.5,4.34,7.08
372,3,78,STL,austin pettis,WR,23.0,Boise St.,2011,75.0,209.0,4.56,33.5,3.88,6.68
373,3,79,WAS,leonard hankerson,WR,22.0,Miami (FL),2011,73.0,209.0,4.4,36.0,4.21,6.94
374,3,82,SDG,vincent brown,WR,22.0,San Diego St.,2011,71.0,187.0,4.68,33.5,4.25,6.64
375,3,83,NYG,jerrel jernigan,WR,22.0,Troy,2011,69.0,185.0,4.46,37.5,4.25,7.07
376,4,107,SEA,kris durham,WR,23.0,Georgia,2011,,,,,,
377,4,111,MIA,clyde gates,WR,25.0,Abilene Christian,2011,72.0,192.0,4.31,40.0,,
378,4,112,STL,greg salas,WR,23.0,Hawaii,2011,73.0,210.0,4.53,37.0,4.1,6.65
379,4,114,JAX,cecil shorts,WR,23.0,Mount Union,2011,72.0,205.0,4.5,34.5,4.07,6.5
380,4,123,BAL,tandon doss,WR,21.0,Indiana,2011,74.0,201.0,4.62,,,
381,5,132,CAR,kealoha pilares,WR,23.0,Hawaii,2011,70.0,199.0,4.42,,,
382,5,148,OAK,denarius moore,WR,22.0,Tennessee,2011,72.0,194.0,4.43,36.0,4.15,6.78
383,5,153,NYJ,jeremy kerley,WR,22.0,TCU,2011,69.0,189.0,4.56,34.5,,
384,5,155,WAS,niles paul,WR,22.0,Nebraska,2011,73.0,224.0,4.45,34.5,4.14,6.9
385,6,167,CIN,ryan whalen,WR,22.0,Stanford,2011,73.0,202.0,4.53,38.5,4.09,6.67
386,6,176,DAL,dwayne harris,WR,23.0,East Carolina,2011,70.0,203.0,4.53,34.0,4.21,6.77
387,6,178,WAS,aldrick robinson,WR,22.0,SMU,2011,70.0,184.0,4.35,40.0,4.09,6.65
388,6,182,SFO,ronald johnson,WR,23.0,USC,2011,71.0,199.0,4.46,,,
389,7,227,NYJ,scotty mcknight,WR,23.0,Colorado,2011,,,,,,
390,7,236,MIN,stephen burton,WR,21.0,Long Beach CC,2011,73.0,221.0,4.5,34.5,4.31,7.04
391,7,241,OAK,david ausberry,WR,23.0,USC,2011,,,,,,
392,7,249,ARI,demarco sampson,WR,25.0,San Diego St.,2011,74.0,204.0,4.41,,,
393,1,5,JAX,justin blackmon,WR,22.0,Oklahoma St.,2012,73.0,207.0,4.46,,,
394,1,13,ARI,michael floyd,WR,22.0,Notre Dame,2012,75.0,220.0,4.4,36.5,,
395,1,20,TEN,kendall wright,WR,22.0,Baylor,2012,70.0,196.0,4.49,38.5,4.18,6.93
396,1,30,SFO,a.j. jenkins,WR,22.0,Illinois,2012,72.0,190.0,4.37,38.5,,
397,2,33,STL,brian quick,WR,23.0,Appalachian St.,2012,75.0,220.0,4.5,34.0,4.23,7.1
398,2,43,NYJ,stephen hill,WR,21.0,Georgia Tech,2012,76.0,215.0,4.36,39.5,4.48,6.88
399,2,45,CHI,alshon jeffery,WR,22.0,South Carolina,2012,75.0,216.0,4.48,,,
400,2,54,DET,ryan broyles,WR,24.0,Oklahoma,2012,70.0,192.0,4.57,,,
401,2,63,NYG,rueben randle,WR,21.0,LSU,2012,75.0,210.0,4.55,31.0,4.36,6.99
402,3,68,HOU,devier posey,WR,22.0,Ohio St.,2012,74.0,211.0,4.39,36.5,4.15,7.03
403,3,69,BUF,t.j. graham,WR,23.0,North Carolina St.,2012,71.0,188.0,4.34,33.5,4.18,6.77
404,3,83,CIN,mohamed sanu,WR,23.0,Rutgers,2012,73.0,211.0,4.62,36.0,4.22,6.88
405,3,92,IND,t.y. hilton,WR,22.0,Florida International,2012,69.0,183.0,4.34,,,
406,4,96,STL,chris givens,WR,22.0,Wake Forest,2012,71.0,198.0,4.35,33.5,4.23,6.97
407,4,100,CLE,travis benjamin,WR,22.0,Miami (FL),2012,70.0,172.0,4.31,38.0,,
408,4,104,CAR,joe adams,WR,22.0,Arkansas,2012,71.0,179.0,4.51,36.0,,7.09
409,4,107,KAN,devon wylie,WR,24.0,Fresno St.,2012,69.0,187.0,4.36,39.0,,
410,4,118,MIN,jarius wright,WR,22.0,Arkansas,2012,70.0,182.0,4.39,38.0,4.03,6.93
411,4,121,HOU,keshawn martin,WR,22.0,Michigan St.,2012,71.0,188.0,4.42,39.5,4.13,6.85
412,4,122,NOR,nick toon,WR,23.0,Wisconsin,2012,74.0,215.0,4.49,37.5,,
413,4,134,MIN,greg childs,WR,22.0,Arkansas,2012,75.0,219.0,4.52,36.5,,
414,5,152,DAL,danny coale,WR,24.0,Virginia Tech,2012,72.0,201.0,4.42,35.0,4.15,6.69
415,5,166,CIN,marvin jones,WR,22.0,California,2012,74.0,199.0,4.46,33.0,4.11,6.81
416,5,168,OAK,juron criner,WR,22.0,Arizona,2012,74.0,224.0,4.66,38.0,4.3,7.15
417,6,183,MIA,b.j. cunningham,WR,23.0,Michigan St.,2012,73.0,211.0,4.52,31.5,,7.1
418,6,194,PHI,marvin mcnutt,WR,23.0,Iowa,2012,75.0,216.0,4.48,37.0,4.07,7.15
419,6,198,BAL,tommy streeter,WR,22.0,Miami (FL),2012,77.0,219.0,4.37,33.0,,7.08
420,6,206,IND,lavon brazill,WR,23.0,Ohio,2012,71.0,192.0,4.43,32.5,,
421,7,227,MIA,rishard matthews,WR,22.0,Nevada,2012,72.0,217.0,4.54,36.0,4.19,6.88
422,7,231,PIT,toney clemons,WR,23.0,Colorado,2012,,,,,,
423,7,235,NWE,jeremy ebert,WR,23.0,Northwestern,2012,,,,,,
424,7,238,KAN,junior hemingway,WR,23.0,Michigan,2012,73.0,225.0,4.48,35.5,3.98,6.59
425,7,244,NYJ,jordan white,WR,24.0,Western Michigan,2012,72.0,208.0,4.63,35.0,4.13,6.84
426,1,8,STL,tavon austin,WR,23.0,West Virginia,2013,68.0,174.0,4.34,32.0,4.01,
427,1,27,HOU,deandre hopkins,WR,21.0,Clemson,2013,73.0,214.0,4.57,36.0,4.5,
428,1,29,MIN,cordarrelle patterson,WR,22.0,Tennessee,2013,74.0,216.0,4.42,37.0,,
429,2,34,TEN,justin hunter,WR,22.0,Tennessee,2013,76.0,196.0,4.44,39.5,4.33,
430,2,41,BUF,robert woods,WR,21.0,USC,2013,72.0,201.0,4.51,33.5,4.47,7.15
431,2,59,NWE,aaron dobson,WR,22.0,Marshall,2013,75.0,210.0,4.37,,,
432,3,74,DAL,terrance williams,WR,23.0,Baylor,2013,74.0,208.0,4.52,32.5,4.32,7.01
433,3,76,SDG,keenan allen,WR,21.0,California,2013,74.0,206.0,4.58,,,
434,3,78,BUF,marquise goodwin,WR,22.0,Texas,2013,69.0,183.0,4.27,,,
435,3,79,PIT,markus wheaton,WR,22.0,Oregon St.,2013,71.0,189.0,4.45,37.0,4.02,6.8
436,3,92,STL,stedman bailey,WR,22.0,West Virginia,2013,70.0,193.0,4.52,34.5,4.09,6.81
437,4,101,JAX,ace sanders,WR,21.0,South Carolina,2013,67.0,173.0,4.58,32.0,4.37,6.81
438,4,102,NWE,josh boyce,WR,22.0,TCU,2013,71.0,206.0,4.38,34.0,4.1,6.68
439,4,123,SEA,chris harper,WR,23.0,Kansas St.,2013,73.0,229.0,4.55,35.5,4.39,6.89
440,4,128,SFO,quinton patton,WR,23.0,Louisiana Tech,2013,72.0,204.0,4.53,33.0,4.01,6.91
441,5,135,JAX,denard robinson,WR,22.0,Michigan,2013,70.0,199.0,4.43,36.5,4.22,7.09
442,5,144,NOR,kenny stills,WR,21.0,Oklahoma,2013,72.0,194.0,4.38,33.5,4.35,
443,5,161,DEN,tavarres king,WR,23.0,Georgia,2013,72.0,189.0,4.47,36.5,4.33,6.91
444,6,171,DET,corey fuller,WR,23.0,Virginia Tech,2013,74.0,204.0,4.43,31.5,,
445,6,174,ARI,ryan swope,WR,22.0,Texas A&M,2013,72.0,205.0,4.34,37.0,4.25,6.76
446,6,186,PIT,justin brown,WR,22.0,Oklahoma,2013,,,,,,
447,6,195,HOU,alan bonner,WR,22.0,Jacksonville St.,2013,70.0,193.0,4.59,33.0,4.15,
448,6,197,CIN,cobi hamilton,WR,22.0,Arkansas,2013,74.0,212.0,4.56,29.5,4.31,
449,7,209,OAK,brice butler,WR,23.0,San Diego St.,2013,,,,,,
450,7,216,GNB,charles johnson,WR,24.0,Grand Valley St.,2013,,,,,,
451,7,224,GNB,kevin dorsey,WR,23.0,Maryland,2013,,,,,,
452,7,236,CHI,marquess wilson,WR,20.0,Washington St.,2013,75.0,194.0,4.51,34.5,4.33,6.65
453,7,238,BAL,aaron mellette,WR,23.0,Elon,2013,74.0,217.0,4.54,33.5,4.41,7.11
454,1,4,BUF,sammy watkins,WR,21.0,Clemson,2014,73.0,211.0,4.43,34.0,4.34,6.95
455,1,7,TAM,mike evans,WR,21.0,Texas A&M,2014,77.0,231.0,4.53,37.0,4.26,7.08
456,1,12,NYG,odell beckham,WR,21.0,LSU,2014,71.0,198.0,4.38,38.5,3.94,6.69
457,1,20,NOR,brandin cooks,WR,20.0,Oregon St.,2014,70.0,189.0,4.33,36.0,3.81,6.76
458,1,28,CAR,kelvin benjamin,WR,23.0,Florida St.,2014,77.0,240.0,4.61,32.5,4.39,7.33
459,2,39,JAX,marqise lee,WR,22.0,USC,2014,72.0,192.0,4.52,38.0,4.01,
460,2,42,PHI,jordan matthews,WR,22.0,Vanderbilt,2014,75.0,212.0,4.46,35.5,4.18,6.95
461,2,45,SEA,paul richardson,WR,22.0,Colorado,2014,72.0,175.0,4.4,38.0,,7.09
462,2,53,GNB,davante adams,WR,21.0,Fresno St.,2014,73.0,212.0,4.56,39.5,4.3,6.82
463,2,56,DEN,cody latimer,WR,21.0,Indiana,2014,74.0,215.0,4.52,,,
464,2,61,JAX,allen robinson,WR,21.0,Penn St.,2014,75.0,220.0,4.6,39.0,4.0,7.0
465,2,63,MIA,jarvis landry,WR,21.0,LSU,2014,71.0,205.0,4.65,28.5,,
466,3,86,PHI,josh huff,WR,22.0,Oregon,2014,71.0,206.0,4.51,35.5,,
467,3,90,IND,donte moncrief,WR,21.0,Mississippi,2014,74.0,221.0,4.4,39.5,4.3,7.02
468,3,91,ARI,john brown,WR,24.0,Pittsburg St.,2014,70.0,179.0,4.34,36.5,4.12,6.91
469,3,97,PIT,dri archer,WR,23.0,Kent St.,2014,68.0,173.0,4.26,38.0,4.06,6.86
470,4,104,NYJ,jalen saunders,WR,21.0,Oklahoma,2014,69.0,165.0,4.44,34.0,,
471,4,106,SFO,bruce ellington,WR,23.0,South Carolina,2014,69.0,197.0,4.45,39.5,3.95,6.69
472,4,115,NYJ,shaquelle evans,WR,23.0,UCLA,2014,73.0,213.0,4.51,34.5,4.21,7.07
473,4,118,PIT,martavis bryant,WR,22.0,Clemson,2014,76.0,211.0,4.42,39.0,4.15,7.18
474,4,123,SEA,kevin norwood,WR,24.0,Alabama,2014,74.0,198.0,4.48,33.0,4.32,6.68
475,5,142,WAS,ryan grant,WR,23.0,Tulane,2014,72.0,199.0,4.64,35.5,4.11,6.68
476,5,146,DAL,devin street,WR,23.0,Pittsburgh,2014,75.0,198.0,4.55,37.0,4.01,6.89
477,5,176,GNB,jared abbrederis,WR,23.0,Wisconsin,2014,73.0,195.0,4.5,30.5,4.08,6.8
478,6,185,TAM,robert herron,WR,22.0,Wyoming,2014,69.0,193.0,4.48,35.5,4.27,6.84
479,6,189,DET,t.j. jones,WR,22.0,Notre Dame,2014,72.0,188.0,4.46,33.0,4.27,6.82
480,6,190,MIA,matt hazel,WR,22.0,Coastal Carolina,2014,73.0,198.0,4.5,36.5,4.2,7.08
481,6,196,ARI,walt powell,WR,22.0,Murray St.,2014,,,,,,
482,6,209,NYJ,quincy enunwa,WR,22.0,Nebraska,2014,74.0,225.0,4.41,,,
483,7,218,BAL,michael campanaro,WR,23.0,Wake Forest,2014,69.0,192.0,4.46,39.0,4.01,6.77
484,7,236,GNB,jeff janis,WR,23.0,Saginaw Valley St.,2014,75.0,219.0,4.42,37.5,3.98,6.64
485,7,239,CIN,james wright,WR,22.0,LSU,2014,,,,,,
486,7,240,SDG,tevin reese,WR,23.0,Baylor,2014,70.0,163.0,4.46,41.0,4.18,6.63
487,7,244,NWE,jeremy gallon,WR,24.0,Michigan,2014,67.0,185.0,4.49,,,
488,1,4,OAK,amari cooper,WR,21.0,Alabama,2015,73.0,211.0,4.42,33.0,3.98,6.71
489,1,7,CHI,kevin white,WR,23.0,West Virginia,2015,75.0,215.0,4.35,36.5,4.14,6.92
490,1,14,MIA,devante parker,WR,22.0,Louisville,2015,75.0,209.0,4.45,36.5,,
491,1,20,PHI,nelson agholor,WR,22.0,USC,2015,72.0,198.0,4.42,,,
492,1,26,BAL,breshad perriman,WR,21.0,Central Florida,2015,74.0,212.0,,,,
493,1,29,IND,phillip dorsett,WR,22.0,Miami (FL),2015,70.0,185.0,4.33,37.0,4.11,6.7
494,2,37,NYJ,devin smith,WR,23.0,Ohio St.,2015,70.0,182.0,4.63,32.5,4.19,6.91
495,2,37,NYJ,devin smith,WR,23.0,Ohio St.,2015,72.0,196.0,4.42,39.0,4.15,
496,2,40,TEN,dorial green-beckham,WR,22.0,Oklahoma,2015,77.0,237.0,4.49,33.5,4.45,6.89
497,3,69,SEA,tyler lockett,WR,22.0,Kansas St.,2015,70.0,182.0,4.4,35.5,4.07,6.89
498,3,70,HOU,jaelen strong,WR,21.0,Arizona St.,2015,74.0,217.0,4.44,42.0,,
499,3,76,KAN,chris conley,WR,22.0,Georgia,2015,74.0,213.0,4.35,45.0,4.3,7.06
500,3,87,PIT,sammie coates,WR,22.0,Auburn,2015,73.0,212.0,4.43,41.0,4.06,6.98
501,3,94,GNB,ty montgomery,WR,22.0,Stanford,2015,72.0,221.0,4.55,40.5,4.21,6.97
502,4,105,WAS,jamison crowder,WR,22.0,Duke,2015,68.0,185.0,4.56,37.0,4.32,7.17
503,4,107,ATL,justin hardy,WR,23.0,East Carolina,2015,70.0,192.0,4.56,36.5,4.21,6.63
504,4,123,CLE,vince mayle,WR,24.0,Washington St.,2015,74.0,224.0,4.67,35.5,4.13,6.93
505,4,132,SFO,deandre smelter,WR,23.0,Georgia Tech,2015,74.0,226.0,4.52,,,
506,5,139,JAX,rashad greene,WR,22.0,Florida St.,2015,71.0,182.0,4.53,36.5,4.12,6.88
507,5,146,MIN,stefon diggs,WR,21.0,Maryland,2015,72.0,195.0,4.46,35.0,4.32,7.03
508,5,156,MIA,tony lippett,WR,23.0,Michigan St.,2015,74.0,192.0,4.61,36.0,4.13,6.92
509,5,159,ARI,jj nelson,WR,23.0,Ala-Birmingham,2015,70.0,156.0,4.28,36.0,4.15,7.02
510,5,162,TAM,kenny bell,WR,23.0,Nebraska,2015,73.0,197.0,4.42,41.5,4.15,6.66
511,5,175,HOU,keith mumphery,WR,23.0,Michigan St.,2015,72.0,215.0,4.54,32.5,4.25,7.07
512,6,184,TAM,kaelin clay,WR,23.0,Utah,2015,70.0,195.0,4.51,33.0,4.26,6.97
513,6,186,NYG,geremy davis,WR,23.0,Connecticut,2015,74.0,216.0,4.49,36.5,4.18,6.86
514,6,187,WAS,evan spencer,WR,22.0,Ohio St.,2015,,,,,,
515,6,201,STL,bud sasser,WR,,Missouri,2015,,,,,,
516,6,204,BAL,darren waller,WR,22.0,Georgia Tech,2015,78.0,238.0,4.46,37.0,4.25,7.07
517,7,220,JAX,neal sterling,WR,23.0,Monmouth,2015,,,,,,
518,7,221,OAK,andre debose,WR,,Florida,2015,,,,,,
519,7,233,KAN,da'ron brown,WR,23.0,Northern Illinois,2015,72.0,205.0,4.54,37.0,4.11,7.04
520,7,234,BUF,dezmin lewis,WR,22.0,Central Arkansas,2015,,,,,,
521,7,238,CIN,mario alford,WR,23.0,West Virginia,2015,68.0,180.0,4.43,34.0,4.07,6.64
522,7,245,TEN,tre mcbride,WR,22.0,William & Mary,2015,72.0,210.0,4.41,38.0,4.08,6.96
523,1,15,CLE,corey coleman,WR,22.0,Baylor,2016,71.0,194.0,4.42,40.5,,
524,1,21,HOU,will fuller,WR,22.0,Notre Dame,2016,72.0,186.0,4.32,33.5,4.27,6.93
525,1,22,WAS,josh doctson,WR,23.0,TCU,2016,74.0,202.0,4.5,41.0,4.08,6.84
526,1,23,MIN,laquon treadwell,WR,21.0,Mississippi,2016,74.0,221.0,4.52,33.0,,
527,2,40,NYG,sterling shepard,WR,23.0,Oklahoma,2016,70.0,194.0,4.48,41.0,4.35,7.0
528,2,47,NOR,michael thomas,WR,23.0,Ohio St.,2016,75.0,212.0,4.57,35.0,4.13,6.8
529,2,55,CIN,tyler boyd,WR,21.0,Pittsburgh,2016,73.0,197.0,4.58,34.0,4.35,6.9
530,3,85,HOU,braxton miller,WR,23.0,Ohio St.,2016,73.0,201.0,4.5,35.0,4.07,6.65
531,3,86,MIA,leonte carroo,WR,22.0,Rutgers,2016,72.0,211.0,4.5,35.5,,
532,4,107,BAL,chris moore,WR,23.0,Cincinnati,2016,73.0,206.0,4.53,37.0,4.2,6.76
533,4,112,NWE,malcolm mitchell,WR,24.0,Georgia,2016,72.0,198.0,4.45,36.0,4.34,6.94
534,4,114,CLE,ricardo louis,WR,22.0,Auburn,2016,74.0,215.0,4.43,38.0,,
535,4,117,LAR,pharoh cooper,WR,21.0,South Carolina,2016,71.0,203.0,4.52,31.0,,
536,4,126,KAN,demarcus robinson,WR,21.0,Florida,2016,73.0,203.0,4.59,34.5,4.19,6.77
537,5,140,TEN,tajae sharpe,WR,21.0,Massachusetts,2016,74.0,194.0,4.55,33.5,,
538,5,154,CLE,jordan payton,WR,23.0,UCLA,2016,73.0,207.0,4.47,34.5,4.33,7.08
539,5,163,GNB,trevor davis,WR,23.0,California,2016,73.0,188.0,4.42,38.5,4.22,6.6
540,5,165,KAN,tyreek hill,WR,22.0,West Alabama,2016,,,,,,
541,5,172,CLE,rashard higgins,WR,21.0,Colorado St.,2016,73.0,196.0,4.64,32.0,,
542,6,180,MIN,moritz boehringer,WR,22.0,,2016,,,,,,
543,6,186,MIA,jakeem grant,WR,23.0,Texas Tech,2016,,,,,,
544,6,192,BUF,kolby listenbee,WR,22.0,TCU,2016,72.0,197.0,4.39,35.5,,
545,6,199,CIN,cody core,WR,22.0,Mississippi,2016,75.0,205.0,4.47,31.5,,
546,6,206,LAR,mike thomas,WR,22.0,Southern Miss,2016,,,,,,
547,6,213,SFO,aaron burbridge,WR,22.0,Michigan St.,2016,72.0,206.0,4.56,30.5,4.31,7.22
548,7,225,NWE,devin lucien,WR,23.0,Arizona St.,2016,,,,,,
549,7,229,PIT,demarcus ayers,WR,22.0,Houston,2016,69.0,182.0,4.72,33.0,,
550,7,230,CHI,daniel braverman,WR,22.0,Western Michigan,2016,,,,,,
551,7,238,ATL,devin fuller,WR,22.0,UCLA,2016,,,,,,
552,7,241,NYJ,charone peake,WR,23.0,Clemson,2016,74.0,209.0,4.45,35.5,4.46,6.96
553,7,243,SEA,kenny lawler,WR,22.0,California,2016,74.0,203.0,4.64,31.0,4.2,7.13
554,1,5,TEN,corey davis,WR,22.0,Western Michigan,2017,75.0,209.0,,,,
555,1,7,LAC,mike williams,WR,22.0,Clemson,2017,76.0,218.0,,32.5,,
556,1,9,CIN,john ross,WR,21.0,Washington,2017,71.0,188.0,4.22,37.0,,
557,2,37,BUF,zay jones,WR,22.0,East Carolina,2017,74.0,201.0,4.45,36.5,4.01,6.79
558,2,40,CAR,curtis samuel,WR,21.0,Ohio St.,2017,71.0,196.0,4.31,37.0,4.33,7.09
559,2,62,PIT,juju smith-schuster,WR,20.0,USC,2017,73.0,215.0,4.54,32.5,,
560,3,69,LAR,cooper kupp,WR,24.0,East. Washington,2017,74.0,204.0,4.62,31.0,4.08,6.75
561,3,72,TEN,taywan taylor,WR,22.0,Western Kentucky,2017,71.0,203.0,4.5,33.5,4.21,6.57
562,3,79,NYJ,ardarius stewart,WR,23.0,Alabama,2017,71.0,204.0,4.49,34.0,,
563,3,82,DEN,carlos henderson,WR,22.0,Louisiana Tech,2017,71.0,199.0,4.46,36.0,4.35,7.18
564,3,84,TAM,chris godwin,WR,21.0,Penn St.,2017,73.0,209.0,4.42,36.0,4.0,7.01
565,3,96,DET,kenny golladay,WR,23.0,Northern Illinois,2017,76.0,218.0,4.5,35.5,4.15,7.0
566,3,98,ARI,chad williams,WR,22.0,Grambling St.,2017,,,,,,
567,3,106,SEA,amara darboh,WR,23.0,Michigan,2017,74.0,214.0,4.45,36.0,,
568,4,110,JAX,dede westbrook,WR,23.0,Oklahoma,2017,72.0,178.0,,,,
569,4,117,LAR,josh reynolds,WR,22.0,Texas A&M,2017,75.0,194.0,4.52,37.0,4.13,6.83
570,4,118,PHI,mack hollins,WR,23.0,North Carolina,2017,76.0,221.0,4.53,,,
571,4,128,CIN,josh malone,WR,21.0,Tennessee,2017,75.0,208.0,4.4,30.5,4.19,7.05
572,4,133,DAL,ryan switzer,WR,22.0,North Carolina,2017,68.0,181.0,4.51,32.0,4.0,6.77
573,4,139,KAN,jehu chesson,WR,23.0,Michigan,2017,75.0,204.0,4.47,35.5,4.09,6.7
574,4,141,NYJ,chad hansen,WR,22.0,California,2017,74.0,202.0,4.53,35.0,4.13,6.74
575,5,166,PHI,shelton gibson,WR,23.0,West Virginia,2017,71.0,191.0,4.5,32.0,4.2,6.83
576,5,170,MIN,rodney adams,WR,22.0,South Florida,2017,73.0,189.0,4.44,29.5,4.28,6.98
577,5,172,DEN,isaiah mckenzie,WR,22.0,Georgia,2017,67.0,173.0,4.42,36.0,4.15,6.64
578,5,175,GNB,deangelo yancey,WR,22.0,Purdue,2017,,,,,,
579,5,177,SFO,trent taylor,WR,23.0,Louisiana Tech,2017,68.0,181.0,4.63,33.0,4.01,6.74
580,6,209,WAS,robert davis,WR,22.0,Georgia St.,2017,75.0,219.0,4.44,41.0,4.28,6.82
581,7,219,MIN,stacy coley,WR,23.0,Miami (FL),2017,73.0,195.0,4.45,34.0,,
582,7,226,SEA,david moore,WR,22.0,East Central (OK),2017,,,,,,
583,7,237,MIA,isaiah ford,WR,21.0,Virginia Tech,2017,73.0,194.0,4.61,35.5,4.34,6.94
584,7,239,DAL,noah brown,WR,21.0,Ohio St.,2017,74.0,222.0,,,4.33,7.07
585,7,247,GNB,malachi dupre,WR,21.0,LSU,2017,74.0,196.0,4.52,39.5,4.26,7.19
586,1,24,CAR,d.j. moore,WR,21.0,Maryland,2018,72.0,210.0,4.42,39.5,4.07,6.95
587,1,26,ATL,calvin ridley,WR,23.0,Alabama,2018,72.0,189.0,4.43,31.0,4.41,6.88
588,2,40,DEN,courtland sutton,WR,22.0,SMU,2018,75.0,218.0,4.54,35.5,4.11,6.57
589,2,44,SFO,dante pettis,WR,22.0,Washington,2018,72.0,186.0,,,,
590,2,47,ARI,christian kirk,WR,21.0,Texas A&M,2018,70.0,201.0,4.47,35.5,4.45,7.09
591,2,51,CHI,anthony miller,WR,23.0,Memphis,2018,71.0,201.0,,,,
592,2,60,PIT,james washington,WR,22.0,Oklahoma St.,2018,71.0,213.0,4.54,34.5,4.32,7.11
593,2,61,JAX,dj chark,WR,21.0,LSU,2018,75.0,199.0,4.34,40.0,,
594,3,81,DAL,michael gallup,WR,22.0,Colorado St.,2018,73.0,205.0,4.51,36.0,4.37,6.95
595,3,91,NOR,tre'quan smith,WR,22.0,Central Florida,2018,,,,,,
596,4,103,HOU,keke coutee,WR,21.0,Texas Tech,2018,70.0,181.0,4.43,34.5,4.15,6.93
597,4,105,CLE,antonio callaway,WR,21.0,Florida,2018,71.0,200.0,4.41,34.0,,
598,4,113,DEN,daesean hamilton,WR,23.0,Penn St.,2018,73.0,203.0,,34.5,4.15,6.84
599,4,132,BAL,jaleel scott,WR,23.0,New Mexico St.,2018,77.0,218.0,4.56,34.5,4.4,7.2
600,4,133,GNB,j'mon moore,WR,23.0,Missouri,2018,,,,,,
601,5,144,TAM,justin watson,WR,22.0,Pennsylvania,2018,,,,,,
602,5,159,IND,daurice fountain,WR,22.0,Northern Iowa,2018,,,,,,
603,5,162,BAL,jordan lasley,WR,21.0,UCLA,2018,73.0,203.0,4.5,34.5,4.19,
604,5,174,GNB,marquez valdes-scantling,WR,23.0,South Florida,2018,76.0,206.0,4.37,30.5,,
605,6,175,CLE,damion ratley,WR,23.0,Texas A&M,2018,,,,,,
606,6,185,IND,deon cain,WR,22.0,Clemson,2018,74.0,202.0,4.43,33.5,4.37,6.71
607,6,187,BUF,ray-ray mccloud,WR,21.0,Clemson,2018,69.0,190.0,4.53,34.5,,
608,6,191,LAC,dylan cantrell,WR,24.0,Texas Tech,2018,75.0,226.0,4.59,38.5,4.03,6.56
609,6,194,ATL,russell gage,WR,22.0,LSU,2018,,,,,,
610,6,196,KAN,tremon smith,WR,22.0,Central Arkansas,2018,,,,,,
611,6,207,GNB,equanimeous st. brown,WR,21.0,Notre Dame,2018,77.0,214.0,4.48,,,
612,6,208,DAL,cedrick wilson,WR,22.0,Boise St.,2018,74.0,197.0,4.55,37.0,4.23,6.89
613,6,210,NWE,braxton berrios,WR,22.0,Miami (FL),2018,69.0,184.0,,,,
614,7,224,CHI,javon wims,WR,23.0,Georgia,2018,75.0,215.0,4.53,33.5,,7.0
615,7,228,OAK,marcell ateman,WR,23.0,Oklahoma St.,2018,76.0,216.0,4.62,34.0,4.25,7.07
616,7,240,SFO,richie james,WR,23.0,Middle Tenn. St.,2018,70.0,183.0,4.48,35.5,4.16,6.87
617,7,253,CIN,auden tate,WR,21.0,Florida St.,2018,77.0,228.0,4.68,31.0,,
618,7,255,BUF,austin proehl,WR,22.0,North Carolina,2018,,,,,,
619,7,256,WAS,trey quinn,WR,22.0,SMU,2018,71.0,203.0,4.55,33.5,4.19,6.91
620,1,25,BAL,marquise brown,WR,22.0,Oklahoma,2019,69.0,166.0,,,,
621,1,32,NWE,n'keal harry,WR,21.0,Arizona St.,2019,74.0,228.0,4.53,38.5,,
622,2,36,SFO,deebo samuel,WR,23.0,South Carolina,2019,71.0,214.0,4.48,39.0,4.14,7.03
623,2,51,TEN,a.j. brown,WR,22.0,Mississippi,2019,72.0,226.0,4.49,36.5,,
624,2,56,KAN,mecole hardman,WR,21.0,Georgia,2019,70.0,187.0,4.33,36.5,,
625,2,57,PHI,jj arcega-whiteside,WR,22.0,Stanford,2019,74.0,225.0,,,,
626,2,59,IND,parris campbell,WR,22.0,Ohio St.,2019,72.0,205.0,4.31,40.0,4.03,
627,2,62,ARI,andy isabella,WR,22.0,Massachusetts,2019,69.0,188.0,4.31,36.5,4.15,6.95
628,2,64,SEA,d.k. metcalf,WR,21.0,Mississippi,2019,75.0,228.0,4.33,40.5,4.5,7.38
629,3,66,PIT,diontae johnson,WR,23.0,Toledo,2019,70.0,183.0,4.53,33.5,4.45,7.09
630,3,67,SFO,jalen hurd,WR,23.0,Baylor,2019,77.0,226.0,,,,
631,3,76,WAS,terry mclaurin,WR,23.0,Ohio St.,2019,72.0,208.0,4.35,37.5,4.15,7.01
632,3,93,BAL,miles boykin,WR,22.0,Notre Dame,2019,76.0,220.0,4.42,43.5,4.07,6.77
633,4,103,ARI,hakeem butler,WR,23.0,Iowa St.,2019,77.0,227.0,4.48,36.0,,
634,4,120,SEA,gary jennings,WR,22.0,West Virginia,2019,73.0,214.0,4.42,37.0,4.15,7.32
635,4,126,CHI,riley ridley,WR,23.0,Georgia,2019,73.0,199.0,4.58,30.5,4.28,7.22
636,5,149,OAK,hunter renfrow,WR,23.0,Clemson,2019,70.0,184.0,4.59,35.0,4.19,6.8
637,5,171,NYG,darius slayton,WR,22.0,Auburn,2019,73.0,190.0,4.39,40.5,4.15,7.0
638,6,174,ARI,keesean johnson,WR,22.0,Fresno St.,2019,73.0,201.0,4.6,30.0,4.23,7.28
639,6,184,DET,travis fulgham,WR,23.0,Old Dominion,2019,74.0,215.0,4.58,36.5,,
640,6,187,DEN,juwann winfree,WR,23.0,Colorado,2019,,,,,,
641,6,203,ATL,marcus green,WR,23.0,La-Monroe,2019,,,,,,
642,6,206,WAS,kelvin harmon,WR,22.0,North Carolina St.,2019,74.0,221.0,4.6,32.5,4.32,7.15
643,6,208,TAM,scott miller,WR,22.0,Bowling Green,2019,,,,,,
644,7,236,SEA,john ursua,WR,25.0,Hawaii,2019,,,,,,
645,7,237,CAR,terry godwin,WR,22.0,Georgia,2019,71.0,184.0,4.55,36.5,,6.96
646,7,239,MIN,dillon mitchell,WR,22.0,Oregon,2019,73.0,197.0,4.46,36.5,4.29,
647,7,247,MIN,olabisi johnson,WR,22.0,Colorado St.,2019,72.0,204.0,4.51,38.0,4.16,6.88
648,1,12,LVR,henry ruggs,WR,21.0,Alabama,2020,71.0,188.0,4.27,42.0,,
649,1,15,DEN,jerry jeudy,WR,21.0,Alabama,2020,73.0,193.0,4.45,35.0,4.53,
650,1,17,DAL,ceedee lamb,WR,21.0,Oklahoma,2020,74.0,198.0,4.5,34.5,,
651,1,21,PHI,jalen reagor,WR,21.0,TCU,2020,71.0,206.0,4.47,42.0,4.46,7.31
652,1,22,MIN,justin jefferson,WR,21.0,LSU,2020,73.0,202.0,4.43,37.5,,
653,1,25,SFO,brandon aiyuk,WR,22.0,Arizona St.,2020,72.0,205.0,4.5,40.0,,
654,2,33,CIN,tee higgins,WR,21.0,Clemson,2020,76.0,216.0,,,,
655,2,34,IND,michael pittman,WR,22.0,USC,2020,76.0,223.0,4.52,36.5,4.14,6.96
656,2,42,JAX,laviska shenault,WR,21.0,Colorado,2020,73.0,227.0,4.58,,,
657,2,46,DEN,kj hamler,WR,21.0,Penn St.,2020,69.0,178.0,,,,
658,2,49,PIT,chase claypool,WR,22.0,Notre Dame,2020,76.0,238.0,4.42,40.5,,
659,2,57,LAR,van jefferson,WR,24.0,Florida,2020,73.0,200.0,,,,
660,2,59,NYJ,denzel mims,WR,22.0,Baylor,2020,75.0,207.0,4.38,38.5,4.43,6.66
661,3,80,LVR,lynn bowden,WR,22.0,Kentucky,2020,71.0,204.0,,,,
662,3,81,LVR,bryan edwards,WR,21.0,South Carolina,2020,75.0,212.0,,,,
663,3,92,BAL,devin duvernay,WR,22.0,Texas,2020,70.0,200.0,4.39,35.5,4.2,7.13
664,4,128,BUF,gabriel davis,WR,21.0,Central Florida,2020,74.0,216.0,4.54,35.0,4.59,7.08
665,4,142,WAS,antonio gandy-golden,WR,22.0,Liberty,2020,76.0,223.0,4.6,36.0,4.55,7.33
666,5,151,LAC,joe reed,WR,22.0,Virginia,2020,72.0,224.0,4.47,38.0,,
667,5,161,TAM,tyler johnson,WR,22.0,Minnesota,2020,73.0,206.0,,,,
668,5,165,JAX,collin johnson,WR,22.0,Texas,2020,78.0,222.0,,,,
669,5,166,DET,quintez cephus,WR,22.0,Wisconsin,2020,73.0,202.0,4.73,38.5,4.33,7.2
670,5,168,PHI,john hightower,WR,24.0,Boise St.,2020,73.0,189.0,4.43,38.5,4.21,7.07
671,5,171,HOU,isaiah coulter,WR,21.0,Rhode Island,2020,74.0,198.0,4.45,36.0,4.62,7.28
672,5,173,CHI,darnell mooney,WR,22.0,Tulane,2020,70.0,176.0,4.38,37.0,,
673,5,176,MIN,k.j. osborn,WR,23.0,Miami (FL),2020,71.0,203.0,4.48,37.5,4.35,7.0
674,6,187,CLE,donovan peoples-jones,WR,21.0,Michigan,2020,74.0,212.0,4.48,44.5,,
675,6,200,PHI,quez watkins,WR,22.0,Southern Miss,2020,72.0,185.0,4.35,36.5,4.36,7.28
676,6,201,BAL,james proche,WR,23.0,SMU,2020,71.0,201.0,,34.5,4.4,7.27
677,6,207,BUF,isaiah hodgins,WR,21.0,Oregon St.,2020,76.0,210.0,4.61,36.5,4.12,7.01
678,6,212,IND,dezmon patmon,WR,22.0,Washington St.,2020,76.0,225.0,4.48,36.0,4.38,7.28
679,6,214,SEA,freddie swain,WR,22.0,Florida,2020,72.0,197.0,4.46,36.5,4.26,7.05
680,7,217,SFO,jauan jennings,WR,23.0,Tennessee,2020,75.0,215.0,4.72,29.0,,
681,7,220,LAC,k.j. hill,WR,22.0,Ohio St.,2020,72.0,196.0,4.6,32.5,,
682,7,252,DEN,tyrie cleveland,WR,22.0,Florida,2020,74.0,209.0,4.46,39.5,,
683,1,5,CIN,ja'marr chase,WR,21.0,LSU,2021,72.0,201.0,4.34,41.0,3.99,6.96
684,1,6,MIA,jaylen waddle,WR,22.0,Alabama,2021,,,,,,
685,1,10,PHI,devonta smith,WR,22.0,Alabama,2021,,,,,,
686,1,20,NYG,kadarius toney,WR,22.0,Florida,2021,71.0,193.0,4.39,39.5,4.25,6.88
687,1,27,BAL,rashod bateman,WR,21.0,Minnesota,2021,72.0,190.0,4.39,36.0,,
688,2,34,NYJ,elijah moore,WR,21.0,Mississippi,2021,,,,,,
689,2,49,ARI,rondale moore,WR,21.0,Purdue,2021,67.0,180.0,4.28,42.5,4.06,6.65
690,2,56,SEA,d'wayne eskridge,WR,24.0,Western Michigan,2021,68.0,190.0,4.38,35.0,4.22,6.93
691,2,57,LAR,tutu atwell,WR,21.0,Louisville,2021,68.0,155.0,4.42,33.0,4.14,6.89
692,2,59,CAR,terrace marshall,WR,21.0,LSU,2021,,,,,,
693,3,77,LAC,josh palmer,WR,22.0,Tennessee,2021,,,,,,
694,3,82,WAS,dyami brown,WR,21.0,North Carolina,2021,72.0,189.0,4.46,35.0,4.35,6.87
695,3,85,GNB,amari rodgers,WR,21.0,Clemson,2021,69.0,212.0,4.52,33.0,4.31,7.07
696,3,89,HOU,nico collins,WR,22.0,Michigan,2021,76.0,215.0,4.43,37.5,4.29,6.78
697,3,91,CLE,anthony schwartz,WR,21.0,Auburn,2021,72.0,186.0,4.27,32.0,4.25,7.13
698,4,109,TEN,dez fitzpatrick,WR,23.0,Louisville,2021,73.0,208.0,4.43,35.0,4.26,7.09
699,4,112,DET,amon-ra st. brown,WR,21.0,USC,2021,71.0,197.0,4.51,38.5,4.17,6.88
700,4,129,TAM,jaelon darden,WR,22.0,North Texas,2021,67.0,174.0,4.47,35.5,3.98,6.66
701,4,131,BAL,tylan wallace,WR,22.0,Oklahoma St.,2021,71.0,194.0,4.48,33.0,4.25,6.97
702,4,141,LAR,jacob harris,WR,24.0,Central Florida,2021,,,,,,
703,5,157,MIN,ihmir smith-marsette,WR,22.0,Iowa,2021,72.0,181.0,4.43,37.0,4.2,7.0
704,5,179,DAL,simi fehoko,WR,23.0,Stanford,2021,75.0,222.0,4.44,34.5,4.26,6.78
705,5,181,KAN,cornell powell,WR,23.0,Clemson,2021,72.0,204.0,4.53,36.5,4.21,7.03
706,6,187,ATL,frank darby,WR,23.0,Arizona St.,2021,72.0,201.0,4.56,34.5,4.25,7.05
707,6,203,BUF,marquez stevenson,WR,23.0,Houston,2021,70.0,180.0,4.48,33.0,4.14,6.76
708,6,204,CAR,shi smith,WR,22.0,South Carolina,2021,,,,,,
709,6,205,TEN,racey mcmath,WR,22.0,LSU,2021,74.0,217.0,4.36,34.0,4.38,7.38
710,6,209,JAX,jalen camp,WR,23.0,Georgia Tech,2021,,,,,,
711,6,219,DEN,seth williams,WR,21.0,Auburn,2021,75.0,211.0,4.49,37.0,4.43,7.2
712,6,221,CHI,dazz newsome,WR,22.0,North Carolina,2021,70.0,190.0,4.59,34.0,4.38,7.38
713,7,229,IND,mike strachan,WR,24.0,Charleston (WV),2021,,,,,,
714,7,242,NWE,tre nixon,WR,23.0,Central Florida,2021,72.0,187.0,4.44,35.5,4.27,6.81
715,7,249,LAR,ben skowronek,WR,24.0,Notre Dame,2021,,,,,,
716,7,255,NOR,kawaan baker,WR,23.0,South Alabama,2021,,,,,,
717,7,258,WAS,dax milne,WR,22.0,BYU,2021,,,,,,
