Year,Name,College,POS,Height (in),Weight (lbs),Hand Size (in),Arm Length (in),Wonderlic,40 Yard,Bench Press,Vert Leap (in),Broad Jump (in),Shuttle,3Cone,60Yd Shuttle
2003.0,Khalid Abdullah,Mars Hill (NC),OLB,74.1,227.0,9.5,31.63,,4.63,26.0,36.5,126.0,4.17,7.13,11.26
2003.0,Anthony Adams,Penn State,DT,71.6,299.0,9.0,31.5,,5.1,,30.5,109.0,4.57,7.67,
2003.0,Sam Aiken,North Carolina,WR,73.9,209.0,10.0,31.25,,4.64,,39.5,121.0,,7.22,
2003.0,Nnamdi Asomugha,California,CB,74.4,213.0,9.63,32.25,,4.5,16.0,37.5,124.0,,,
2003.0,Rod Babers,Texas,CB,68.8,192.0,9.5,31.5,,4.46,15.0,37.0,127.0,4.06,6.82,
2003.0,Boss Bailey,Georgia,OLB,75.1,233.0,9.75,32.5,,4.58,,42.0,135.0,,,
2003.0,Brad Banks,Iowa,QB,70.8,201.0,9.5,31.5,13.0,4.67,,33.5,112.0,,,
2003.0,Korey Banks,Mississippi State,CB,69.9,188.0,9.75,30.25,,4.59,15.0,,,,,
2003.0,Tully Banta-Cain,California,DE,74.1,264.0,9.75,31.5,,4.79,25.0,,,,,
2003.0,Nick Barnett,Oregon State,OLB,73.6,236.0,9.38,31.88,,4.69,32.0,34.5,123.0,4.07,6.97,11.23
2003.0,Justin Bates,Colorado,OG,75.9,300.0,10.0,32.25,,5.46,18.0,,,,,
2003.0,Solomon Bates,Arizona State,ILB,73.4,243.0,8.63,32.0,,4.88,19.0,30.0,112.0,4.32,7.22,11.63
2003.0,Arnaz Battle,Notre Dame,WR,73.0,217.0,,,,4.58,,35.0,117.0,4.06,6.74,
2003.0,Santonio Beard,Alabama,RB,71.6,222.0,9.25,31.25,,4.59,,31.5,119.0,,,
2003.0,Ronald Bellamy,Michigan,WR,72.0,208.0,9.25,32.5,,4.57,,30.5,119.0,4.09,7.37,11.58
2003.0,Sean Berton,North Carolina State,TE,76.4,279.0,9.75,31.38,,5.04,,31.0,107.0,4.35,7.18,11.71
2003.0,Jordan Black,Notre Dame,OT,77.9,314.0,10.0,33.0,,5.21,,30.0,106.0,4.47,7.65,
2003.0,Josh Blankenship,Tulsa (OK),QB,74.0,211.0,,,24.0,5.16,,28.5,103.0,4.42,7.59,
2003.0,Anquan Boldin,Florida State,WR,72.6,216.0,9.88,30.0,,4.73,,33.5,114.0,4.25,7.35,11.9
2003.0,Kyle Boller,California,QB,75.0,234.0,9.75,32.63,27.0,4.65,,35.5,117.0,3.99,7.19,
2003.0,Colin Branch,Stanford,FS,71.8,203.0,9.5,31.25,,4.43,22.0,36.0,119.0,,,
2003.0,Tyler Brayton,Colorado,DE,78.1,277.0,9.63,34.0,,4.78,25.0,34.0,116.0,4.24,7.13,
2003.0,Jeremy Bridges,Southern Mississippi,OG,76.1,301.0,9.5,34.0,,5.45,25.0,28.5,96.0,4.74,8.12,
2003.0,Lance Briggs,Arizona,ILB,72.6,242.0,9.5,31.0,,4.78,25.0,33.0,113.0,,,
2003.0,Lucas Brigman,Nebraska-Omaha,C,72.4,308.0,10.13,29.5,,5.44,26.0,27.0,101.0,4.6,7.99,
2003.0,Chris Brown,Hawaii,FS,73.0,195.0,9.13,29.0,,4.59,15.0,35.5,126.0,4.13,7.05,
2003.0,Mark Brown,Auburn,ILB,72.4,238.0,9.75,30.75,,4.85,,37.5,121.0,4.17,7.35,11.7
2003.0,D Bryant,Duke,QB,74.0,218.0,8.88,30.5,23.0,4.78,,35.5,114.0,4.34,7.36,
2003.0,Nate Burleson,Nevada,WR,73.0,197.0,,,,4.51,,42.5,126.0,4.16,6.96,
2003.0,Nick Burley,Frenso State (CA),DE,75.6,243.0,9.0,30.75,,4.82,26.0,32.0,108.0,4.56,7.72,
2003.0,Curry Burns,Louisville,SS,72.4,216.0,9.63,31.0,,4.55,19.0,36.0,120.0,4.1,7.03,11.31
2003.0,Tyrone Calico,Middle Tennessee State,WR,75.8,223.0,9.63,34.38,,4.36,,38.0,127.0,4.2,6.72,10.99
2003.0,Kerry Carter,Stanford,RB,73.9,238.0,9.25,32.0,,4.67,20.0,36.0,118.0,4.34,7.28,11.28
2003.0,Dallas Clark,Iowa,TE,75.4,257.0,10.13,32.0,,4.65,,37.5,123.0,,,
2003.0,Ben Claxton,Mississippi,C,74.6,301.0,9.75,31.0,,5.34,,27.0,102.0,4.65,7.81,
2003.0,Chris Clemons,Georgia,OLB,75.0,236.0,9.5,32.25,,4.64,18.0,35.0,116.0,4.58,7.47,12.08
2003.0,Avon Cobourne,West Virginia,RB,67.5,205.0,9.38,29.38,,4.7,21.0,31.5,112.0,4.12,7.2,11.69
2003.0,Colin Cole,Iowa,DT,73.6,309.0,9.5,32.38,,5.28,29.0,31.0,103.0,4.67,7.84,
2003.0,Torrie Cox,Pittsburgh,CB,69.3,181.0,8.88,29.5,,4.55,,32.0,119.0,4.15,6.96,10.89
2003.0,Angelo Crowell,Virginia,ILB,72.4,236.0,10.13,30.63,,4.71,25.0,32.5,,4.26,7.07,
2003.0,Dan Curley,Eastern Washington,TE,76.0,254.0,9.25,32.5,,4.68,17.0,35.5,118.0,4.44,7.47,12.32
2003.0,Brennan Curtin,Notre Dame,OT,81.1,318.0,9.25,33.5,,5.3,,32.0,100.0,4.84,7.97,
2003.0,Kevin Curtis,Utah State,WR,71.1,186.0,9.38,30.38,,4.46,,36.0,122.0,3.96,6.75,10.69
2003.0,Anthony Davis,Virginia Tech,OG,76.4,329.0,9.63,32.75,,5.41,,27.5,95.0,4.91,8.25,
2003.0,Chris Davis,Syracuse,FB,71.5,235.0,8.88,30.25,,4.55,21.0,38.5,116.0,4.34,7.23,
2003.0,Domanick Davis,Louisiana State,RB,69.0,213.0,9.0,30.0,,4.64,22.0,32.5,112.0,4.46,7.31,11.86
2003.0,Sammy Davis,Texas A&M,CB,71.8,186.0,9.13,30.63,,4.45,19.0,40.0,131.0,,7.0,
2003.0,Enoch DeMar,Indiana,OG,75.9,334.0,9.63,34.75,,5.67,22.0,22.5,90.0,5.08,8.35,
2003.0,Dahrran Diedrick,Nebraska,RB,72.1,228.0,9.75,30.0,,4.65,19.0,37.0,117.0,4.42,7.3,12.1
2003.0,David Diehl,Illinois,OG,78.0,310.0,,,,5.26,22.0,28.0,96.0,4.97,8.1,
2003.0,Robbie Doane,Texas,OG,78.1,311.0,9.5,32.63,,5.42,,24.5,85.0,4.73,8.01,
2003.0,Derrick Dockery,Texas,OG,78.0,347.0,10.13,35.13,,5.58,,25.0,92.0,,,
2003.0,Charles Drake,Michigan,FS,73.0,205.0,8.88,30.25,,4.52,20.0,,,,,
2003.0,Brandon Drumm,Colorado,FB,73.4,233.0,8.75,30.38,,4.74,21.0,32.5,113.0,4.24,7.18,11.59
2003.0,LaTarence Dunbar,Texas Christian,WR,70.8,196.0,9.0,30.0,,4.54,,34.0,122.0,4.3,7.39,11.61
2003.0,Nick Eason,Clemson,DT,75.3,301.0,9.5,33.0,,5.14,29.0,,102.0,,,
2003.0,Justin Fargas,Southern California,RB,72.9,219.0,9.75,31.0,,4.41,27.0,,137.0,,,
2003.0,Gus Felder,Penn State,OG,74.9,324.0,9.88,33.13,,5.9,,23.5,94.0,5.48,9.09,
2003.0,Drayton Florence,Tuskegee (AL),CB,72.3,198.0,9.25,30.5,,4.42,18.0,35.0,124.0,,,
2003.0,Anthony Floyd,Louisville,FS,69.5,202.0,8.88,29.5,,4.6,19.0,33.5,117.0,4.18,7.09,11.22
2003.0,Lawrence Flugence,Texas Tech,ILB,73.1,239.0,10.25,31.5,,4.86,23.0,34.0,106.0,4.34,7.4,11.72
2003.0,George Foster,Georgia,OT,77.4,338.0,10.0,34.75,,5.23,,27.0,100.0,,,
2003.0,Aubrayo Franklin,Tennessee,DT,73.5,307.0,10.5,31.38,,5.2,,27.0,100.0,4.7,,
2003.0,Makoa Freitas,Arizona,OG,76.0,307.0,8.75,30.75,,5.1,36.0,24.5,95.0,4.86,8.22,
2003.0,Doug Gabriel,Central Florida,WR,74.3,213.0,9.88,32.5,,4.56,,35.5,116.0,4.15,7.03,11.24
2003.0,Ahmaad Galloway,Alabama,RB,71.8,223.0,9.0,30.75,,4.65,22.0,,,,,
2003.0,Talman Gardner,Florida State,WR,72.6,205.0,8.13,30.25,,4.47,,34.5,116.0,4.41,7.53,11.61
2003.0,Kevin Garrett,Southern Methodist (TX),CB,69.4,194.0,8.75,31.38,,4.32,,35.0,129.0,3.96,6.89,11.0
2003.0,Tony Gilbert,Georgia,ILB,71.9,251.0,9.38,29.38,,4.86,19.0,27.5,109.0,,,
2003.0,Jason Goss,Texas Christian,CB,70.0,183.0,8.75,29.88,,4.72,15.0,32.5,117.0,4.24,7.46,11.88
2003.0,Earnest Graham,Florida,RB,69.1,225.0,9.5,31.0,,4.5,22.0,,,,,
2003.0,Brandon Green,Rice (TX),DE,75.0,267.0,,,,4.78,19.0,32.0,105.0,4.32,7.23,
2003.0,Jamaal Green,Miami (FL),DE,74.9,243.0,9.75,34.0,,4.78,27.0,35.5,119.0,,,
2003.0,Quentin Griffin,Oklahoma,RB,67.0,195.0,9.25,30.0,,4.49,21.0,38.0,123.0,4.02,,10.94
2003.0,Justin Griffith,Mississippi State,FB,71.3,232.0,9.5,30.5,,4.63,29.0,32.0,113.0,4.59,7.71,12.13
2003.0,DeJuan Groce,Nebraska,CB,69.6,192.0,9.5,28.75,,4.54,18.0,36.0,118.0,3.96,6.81,10.77
2003.0,Jordan Gross,Utah,OT,76.5,300.0,9.88,33.25,,5.05,28.0,31.5,112.0,4.34,7.69,
2003.0,Rex Grossman,Florida,QB,73.0,217.0,9.25,29.25,29.0,5.06,,,,,,
2003.0,Mario Haggan,Mississippi State,ILB,74.6,252.0,9.63,32.88,,4.84,21.0,33.0,110.0,4.38,7.54,12.2
2003.0,Ken Hamlin,Arkansas,FS,74.5,209.0,8.88,31.75,,4.6,16.0,33.0,117.0,3.92,6.78,11.2
2003.0,Omari Hand,Tennessee,DE,75.8,267.0,10.75,33.88,,4.85,34.0,,,,,
2003.0,Byron Hardmon,Florida,ILB,73.0,232.0,10.13,32.75,,4.78,17.0,32.5,115.0,4.36,7.55,12.18
2003.0,Kwame Harris,Stanford,OT,79.0,310.0,10.63,34.25,,5.22,,35.5,107.0,4.58,7.97,
2003.0,Gerald Hayes,Pittsburgh,ILB,72.9,238.0,9.25,30.75,,4.75,,30.5,107.0,4.35,7.57,12.08
2003.0,Michael Haynes,Penn State,DE,75.6,281.0,9.5,33.0,,4.89,23.0,30.5,109.0,,,
2003.0,E.J. Henderson,Maryland,ILB,72.9,245.0,10.0,32.75,,4.8,20.0,,,,,
2003.0,Dwone Hicks,Middle Tennessee State,RB,69.6,222.0,9.5,30.0,,4.6,29.0,34.0,115.0,4.37,7.38,11.61
2003.0,Zach Hilton,North Carolina,TE,79.8,262.0,10.0,32.13,,4.83,24.0,35.0,112.0,4.29,7.25,11.84
2003.0,Ryan Hoag,Gustavus Adolphus (MN),WR,74.0,200.0,,,,4.51,,38.0,125.0,3.95,6.72,
2003.0,Victor Hobson,Michigan,ILB,72.5,252.0,10.0,32.5,,4.88,29.0,33.0,117.0,4.32,7.25,11.5
2003.0,Montrae Holland,Florida State,OG,73.5,333.0,10.5,32.5,,5.3,30.0,,,5.12,8.45,
2003.0,Terrence Holt,North Carolina State,FS,73.8,208.0,9.38,31.25,,4.63,13.0,34.5,122.0,3.97,6.99,11.31
2003.0,Raymond House,Arkansas,DE,74.4,277.0,10.13,32.88,,5.14,20.0,32.0,120.0,4.32,7.53,
2003.0,Keenan Howry,Oregon,WR,69.6,178.0,8.88,29.25,,4.62,,31.5,114.0,4.24,7.34,11.56
2003.0,Aaron Hunt,Texas Tech,DE,74.5,267.0,9.25,32.0,,4.84,24.0,30.0,106.0,4.48,7.68,
2003.0,Wayne Hunter,Hawaii,OT,77.6,303.0,11.25,33.0,,5.16,37.0,31.0,104.0,4.54,7.72,
2003.0,Alonzo Jackson,Florida State,DE,76.0,266.0,9.25,35.0,,4.9,14.0,37.0,114.0,4.45,7.69,
2003.0,Bradie James,Louisiana State,ILB,74.4,242.0,9.5,32.25,,4.71,,32.5,113.0,4.52,7.53,11.96
2003.0,Jason Jimenez,Southern Mississippi,OT,78.9,311.0,10.13,33.0,,5.31,18.0,30.0,96.0,4.64,8.47,
2003.0,Andre Johnson,Miami (FL),WR,74.0,230.0,9.13,34.0,,4.4,,39.0,132.0,,,
2003.0,Ben Johnson,Wisconsin,OT,78.5,329.0,10.0,34.25,,5.37,30.0,,,,,
2003.0,Bethel Johnson,Texas A&M,WR,71.0,201.0,8.5,31.25,,4.37,,38.5,127.0,,,
2003.0,Garry Johnson,Arkansas State,OT,76.0,289.0,,,,5.28,17.0,24.5,97.0,4.89,8.27,
2003.0,Jarret Johnson,Alabama,DT,74.6,284.0,9.0,31.5,,5.09,21.0,28.5,107.0,4.52,7.72,
2003.0,Jeremi Johnson,Indiana,FB,71.0,260.0,,,,4.9,20.0,29.0,103.0,,,
2003.0,Larry Johnson,Penn State,RB,74.4,214.0,8.75,31.38,,4.55,19.0,,,,,
2003.0,Robert Johnson,Auburn,TE,77.6,278.0,9.38,33.25,,4.96,18.0,33.5,115.0,4.42,7.13,11.75
2003.0,Teyo Johnson,Stanford,WR,77.4,247.0,10.25,31.0,,4.61,,33.5,,,,
2003.0,Todd Johnson,Florida,FS,72.9,206.0,9.0,30.25,,4.58,19.0,33.5,117.0,4.17,6.99,11.52
2003.0,Bennie Joppru,Michigan,TE,76.3,272.0,10.0,32.25,,4.78,19.0,30.5,109.0,,,
2003.0,William Joseph,Miami (FL),DT,77.0,308.0,10.75,35.0,,4.95,29.0,,,,,
2003.0,Jason Jowers,Wisconsin,OG,78.4,319.0,11.0,34.13,,5.5,,29.5,101.0,4.82,8.3,
2003.0,Cato June,Michigan,SS,72.1,218.0,9.25,31.0,,4.66,,35.0,113.0,,,
2003.0,Kareem Kelly,Southern California,WR,71.8,186.0,8.5,31.0,,4.43,,35.0,125.0,4.14,7.49,11.67
2003.0,Chris Kelsay,Nebraska,DE,76.4,273.0,9.88,32.5,,4.76,23.0,36.5,121.0,,,
2003.0,Terrence Kiel,Texas A&M,SS,71.1,204.0,10.63,30.63,,4.49,16.0,38.0,127.0,3.92,6.87,
2003.0,Austin King,Northwestern,C,75.9,299.0,9.63,31.0,,5.57,20.0,28.0,106.0,4.72,7.99,
2003.0,Kenny King,Alabama,DE,74.8,281.0,9.5,32.38,,4.95,25.0,35.0,114.0,4.28,7.5,
2003.0,Kliff Kingsbury,Texas Tech,QB,75.5,213.0,8.5,32.0,31.0,4.76,,30.0,101.0,4.07,6.91,
2003.0,Dan Klecko,Temple,DT,71.5,283.0,10.0,30.75,,4.91,26.0,33.5,111.0,4.4,7.51,
2003.0,Scott Kooistra,North Carolina State,OT,77.9,316.0,10.38,32.0,,5.18,28.0,31.0,103.0,4.57,7.93,
2003.0,Dan Koppen,Boston College,C,74.6,297.0,8.5,31.38,,5.31,27.0,28.5,101.0,4.46,8.24,
2003.0,Tron LaFavor,Florida,DT,73.9,290.0,9.75,31.75,,5.08,26.0,28.0,106.0,,,
2003.0,Damian Lavergne,Louisiana Tech,OT,78.0,333.0,10.13,33.88,,5.57,17.0,27.0,92.0,4.82,8.43,
2003.0,Donald Lee,Mississippi State,TE,75.3,249.0,9.5,32.5,,4.79,26.0,39.0,120.0,4.37,7.4,12.16
2003.0,James Lee,Oregon State,DT,76.5,327.0,9.38,33.63,,4.96,23.0,30.0,106.0,4.69,7.77,
2003.0,Byron Leftwich,Marshall (WV),QB,77.4,241.0,9.75,32.0,25.0,5.1,,,,,,
2003.0,Mike Lehan,Minnesota,CB,71.8,196.0,8.63,30.25,,4.52,13.0,34.5,119.0,4.1,6.94,10.85
2003.0,Norman LeJeune,Louisiana State,SS,72.4,200.0,9.38,31.5,,4.65,11.0,33.5,115.0,4.21,7.41,11.33
2003.0,Matt Leonard,Stanford,DT,74.6,305.0,10.13,32.25,,4.99,30.0,26.0,95.0,4.52,7.51,
2003.0,Brandon Lloyd,Illinois,WR,72.1,184.0,9.0,31.25,,4.61,,36.0,,,,
2003.0,Rien Long,Washington State,DT,78.1,302.0,9.5,32.75,,5.08,,,105.0,,,
2003.0,Tom Lopienski,Notre Dame,FB,71.8,246.0,9.13,30.13,,4.75,24.0,34.0,111.0,4.24,7.53,11.86
2003.0,Pete Lougheed,Purdue,OT,76.8,300.0,9.63,32.0,,5.18,20.0,28.5,93.0,4.5,7.85,
2003.0,Jeremy Loyd,Iowa State,OLB,73.6,235.0,9.25,32.75,,4.66,17.0,34.0,114.0,4.12,6.89,11.3
2003.0,Nick Maddox,Florida State,RB,71.0,211.0,,,,4.65,18.0,33.5,115.0,4.5,7.33,
2003.0,Adrian Madise,Texas Christian,WR,71.4,215.0,9.75,30.5,,4.53,,32.0,119.0,4.23,7.3,11.91
2003.0,Sean Mahan,Notre Dame,OG,75.0,301.0,9.5,31.38,,5.16,30.0,30.0,105.0,4.75,7.75,
2003.0,Reno Mahe,Brigham Young,WR,69.3,198.0,9.63,29.75,,4.71,,32.0,109.0,4.14,7.27,11.64
2003.0,Brian Mance,Clemson,CB,70.4,189.0,8.88,29.88,,4.61,18.0,32.5,115.0,,,
2003.0,Eric Manning,Oregon State,DT,73.0,303.0,9.88,31.75,,5.09,26.0,28.5,107.0,4.54,7.76,
2003.0,Ricky Manning,UCLA,CB,68.6,185.0,9.75,29.0,,4.55,12.0,36.5,117.0,4.12,7.09,11.31
2003.0,Vince Manuwai,Hawaii,OG,74.0,304.0,9.63,31.0,,5.19,27.0,29.5,107.0,4.37,7.57,
2003.0,Kareem Marshall,Georgia,OT,76.6,359.0,10.0,34.5,,5.22,,27.5,92.0,,,
2003.0,Terrance Martin,North Carolina State,DT,75.0,299.0,9.13,34.75,,5.15,30.0,,,,,
2003.0,Rashean Mathis,Bethune-Cookman (FL),FS,72.8,202.0,9.0,30.25,,4.47,22.0,38.5,123.0,4.15,7.08,11.08
2003.0,Sultan McCullough,Southern California,RB,71.4,202.0,8.38,30.88,,4.49,27.0,,,,,
2003.0,LaMarcus McDonald,Texas Christian,ILB,73.3,227.0,9.38,31.38,,4.97,,31.0,110.0,4.44,7.59,12.21
2003.0,Jerome McDougle,Miami (FL),DE,74.0,264.0,10.0,31.38,,4.74,,34.0,117.0,4.54,7.28,
2003.0,Terrence McGee,Northwestern State (LA),CB,69.6,201.0,9.13,30.25,,4.55,15.0,37.0,126.0,4.07,6.87,10.83
2003.0,Bryant McNeal,Clemson,DE,76.4,248.0,10.25,34.0,,4.86,22.0,34.5,117.0,,,
2003.0,Hanik Milligan,Houston,FS,74.4,201.0,9.88,32.63,,4.5,9.0,36.5,130.0,4.18,7.09,11.51
2003.0,Clint Mitchell,Florida,DE,78.9,257.0,9.5,33.75,,4.93,16.0,34.5,115.0,4.31,7.34,
2003.0,Kawika Mitchell,South Florida,ILB,73.0,253.0,,,,4.69,25.0,37.0,117.0,4.24,7.32,
2003.0,Casey Moore,Stanford,FB,73.9,240.0,9.5,31.0,,4.67,22.0,32.5,114.0,4.26,7.29,12.0
2003.0,Langston Moore,South Carolina,DT,73.0,303.0,9.5,31.25,,5.05,29.0,32.0,104.0,4.21,7.63,
2003.0,Kindal Moorehead,Alabama,DE,74.5,285.0,9.88,32.88,,5.0,22.0,32.0,104.0,4.51,7.71,
2003.0,Gene Mruczkowski,Purdue,C,74.6,297.0,9.5,32.5,,5.19,28.0,,,,,
2003.0,Ovie Mughelli,Wake Forest,FB,73.1,255.0,10.0,32.0,,4.73,,31.5,114.0,4.32,7.78,12.06
2003.0,Mike Nattiel,Florida,OLB,71.6,228.0,9.5,31.13,,4.65,,30.0,106.0,4.38,7.49,12.1
2003.0,Spencer Nead,Brigham Young,TE,76.5,259.0,9.5,31.13,,4.89,19.0,28.5,102.0,4.24,7.37,12.09
2003.0,Bruce Nelson,Iowa,C,77.3,301.0,9.75,31.5,,5.26,21.0,,,,,
2003.0,Terence Newman,Kansas State,CB,70.4,189.0,8.75,31.38,,4.41,10.0,41.0,136.0,3.82,6.88,10.85
2003.0,Donnie Nickey,Ohio State,FS,74.3,220.0,9.0,32.0,,4.64,17.0,33.5,119.0,4.15,7.08,11.22
2003.0,Lance Nimmo,West Virginia,OT,77.3,303.0,9.25,33.5,,5.33,20.0,27.0,90.0,4.93,8.19,
2003.0,Joe Odom,Purdue,OLB,72.9,241.0,9.25,30.5,,4.62,26.0,,,,,
2003.0,Will Ofenheusle,Tennessee,OT,78.5,308.0,10.0,33.75,,5.35,23.0,26.5,94.0,4.92,8.65,
2003.0,Kassim Osgood,San Diego State,WR,76.9,208.0,9.5,33.0,,4.7,,31.0,122.0,4.4,7.19,11.73
2003.0,Calvin Pace,Wake Forest,DE,76.0,269.0,9.5,34.0,,4.8,,33.0,115.0,,,
2003.0,Derek Pagel,Iowa,FS,73.0,208.0,9.38,30.88,,4.53,25.0,35.5,115.0,4.03,6.85,11.12
2003.0,Carson Palmer,Southern California,QB,77.0,232.0,9.5,32.75,26.0,4.65,,,,,,
2003.0,Tony Pashos,Illinois,OT,78.0,337.0,10.5,34.25,,5.3,38.0,,,,,
2003.0,Antwan Peek,Cincinnati,OLB,74.6,246.0,9.38,32.0,,4.67,21.0,37.0,125.0,4.33,7.06,
2003.0,Terry Pierce,Kansas State,ILB,73.4,251.0,9.88,32.25,,4.7,28.0,27.5,,,,
2003.0,Shurron Pierson,South Florida,DE,73.9,243.0,9.5,33.5,,4.63,,39.0,128.0,,,
2003.0,Willie Pile,Virginia Tech,FS,74.0,206.0,9.5,32.25,,4.58,14.0,38.0,125.0,4.04,6.75,11.12
2003.0,Mike Pinkard,Arizona State,TE,76.9,259.0,9.38,34.25,,4.69,,35.0,,,,
2003.0,Andrew Pinnock,South Carolina,FB,70.1,265.0,9.5,31.63,,4.62,22.0,,,,,
2003.0,David Porter,Iowa,OT,77.9,311.0,9.5,34.75,,5.34,,26.0,95.0,4.96,8.43,
2003.0,Tim Provost,San Jose State,OT,77.1,301.0,10.0,32.25,,5.3,21.0,28.5,102.0,4.67,8.37,
2003.0,Dave Ragone,Louisville,QB,75.6,249.0,9.75,31.5,31.0,4.98,,30.5,101.0,4.32,7.4,
2003.0,Cory Redding,Texas,DE,76.0,279.0,10.75,33.5,,4.88,24.0,,,,,
2003.0,Gabe Reid,Brigham Young,TE,75.4,255.0,9.75,31.75,,4.81,23.0,37.0,119.0,4.31,7.48,11.87
2003.0,Terrell Roberts,Oregon State,CB,69.1,203.0,9.38,30.63,,4.74,18.0,34.0,117.0,4.19,7.12,
2003.0,Terrence Robinson,Oklahoma State,ILB,72.4,240.0,9.0,31.0,,4.97,19.0,33.5,116.0,4.33,7.6,11.97
2003.0,Brett Romberg,Miami (FL),C,74.0,295.0,,,,5.2,27.0,27.5,99.0,4.65,8.16,
2003.0,Tony Romo,Eastern Illinois,QB,74.0,230.0,,,30.0,5.01,,30.0,105.0,4.2,7.11,
2003.0,Dustin Rykert,Brigham Young,OT,78.4,327.0,9.75,32.5,,5.52,21.0,26.5,92.0,4.83,8.19,
2003.0,Asante Samuel,Central Florida,CB,70.9,185.0,8.75,29.5,,4.52,9.0,35.5,120.0,4.09,6.94,11.38
2003.0,Antwoine Sanders,Utah,FS,73.6,202.0,9.13,33.88,,4.56,14.0,37.5,128.0,4.37,7.43,11.63
2003.0,Watts Sanderson,South Carolina,OT,77.0,303.0,9.75,32.63,,5.39,24.0,28.5,100.0,4.92,8.47,
2003.0,Justin Sands,Kansas,OG,78.9,324.0,10.13,32.0,,5.07,31.0,32.0,105.0,,,
2003.0,Lauvale Sape,Utah,DT,73.6,297.0,10.0,31.25,,5.2,,31.5,111.0,4.68,7.72,
2003.0,Gerome Sapp,Notre Dame,SS,72.1,216.0,10.0,30.75,,4.69,,36.5,112.0,4.27,7.13,11.92
2003.0,Greg Schindler,Stanford,OG,77.1,307.0,9.88,32.63,,5.1,18.0,30.5,94.0,5.07,8.55,
2003.0,Steve Sciullo,Marshall (WV),OT,77.1,330.0,9.88,32.5,,5.52,23.0,28.0,98.0,4.65,7.84,
2003.0,Bryan Scott,Penn State,SS,73.0,219.0,10.38,31.5,,4.6,13.0,,,,,
2003.0,Ian Scott,Florida,DT,75.0,312.0,,,,5.16,28.0,28.5,99.0,5.0,8.12,
2003.0,Mike Seidman,UCLA,TE,76.5,261.0,9.75,33.13,,4.8,20.0,,,,,
2003.0,Chad Setterstrom,Northern Iowa,OG,75.1,309.0,9.88,32.5,,5.46,16.0,28.5,101.0,4.61,7.91,
2003.0,Scott Shanle,Nebraska,OLB,74.1,245.0,9.25,32.88,,4.71,20.0,31.0,111.0,4.32,7.27,11.65
2003.0,Visanthe Shiancoe,Morgan State (MD),TE,76.4,251.0,10.25,33.5,,4.64,28.0,39.5,120.0,4.28,7.09,11.89
2003.0,Chris Simms,Texas,QB,76.4,220.0,10.5,32.75,22.0,4.86,,31.0,103.0,4.18,7.37,
2003.0,Clifton Smith,Syracuse,ILB,74.4,253.0,8.38,32.88,,4.88,,,,,,
2003.0,L.J. Smith,Rutgers,TE,75.3,258.0,10.38,32.88,,4.69,26.0,37.0,122.0,4.18,6.74,
2003.0,Musa Smith,Georgia,RB,72.8,232.0,8.0,31.88,,4.45,,35.5,123.0,,,
2003.0,Onterrio Smith,Oregon,RB,69.9,220.0,9.75,29.25,,4.48,19.0,,,,,
2003.0,Trent Smith,Oklahoma,TE,77.1,243.0,9.38,33.75,,4.81,16.0,35.5,118.0,4.3,7.21,
2003.0,Wade Smith,Memphis,OT,75.9,296.0,9.63,32.63,,5.15,24.0,32.5,114.0,4.71,7.6,
2003.0,Ben Sobieski,Iowa,OG,77.3,307.0,10.25,32.25,,5.01,18.0,30.0,109.0,4.43,7.69,
2003.0,Jamil Soriano,Harvard,OG,76.0,317.0,,,,5.48,,27.5,103.0,5.08,8.54,
2003.0,Jake Sprague,Wisconsin,DT,74.1,274.0,9.75,31.75,,4.97,26.0,,,,,
2003.0,Brian St. Pierre,Boston College,QB,75.0,218.0,,,27.0,4.82,,30.0,106.0,,,
2003.0,Eric Steinbach,Iowa,OG,78.3,297.0,9.63,31.63,,4.96,,36.0,119.0,4.37,7.34,
2003.0,Jon Stinchcomb,Georgia,OT,77.0,302.0,9.75,32.5,,5.09,32.0,35.0,115.0,4.58,7.83,
2003.0,Erick Streelman,Nevada,TE,77.0,248.0,,,,5.06,9.0,30.0,109.0,4.4,7.59,
2003.0,Donald Strickland,Colorado,CB,70.0,187.0,9.25,30.13,,4.48,16.0,35.5,121.0,4.01,6.97,11.08
2003.0,Johnathan Sullivan,Georgia,DT,75.1,313.0,10.5,32.5,,5.07,,,,,,
2003.0,Scott Tercero,California,OG,76.0,303.0,,,,5.23,25.0,28.5,103.0,4.51,7.81,
2003.0,Tony Terrell,Nevada Las Vegas,OG,75.3,334.0,10.63,33.25,,5.52,25.0,25.5,94.0,4.97,8.6,
2003.0,Ray Thomas,Wake Forest,TE,76.4,248.0,9.5,31.5,,5.05,17.0,31.0,113.0,4.52,7.47,12.29
2003.0,Chaun Thompson,West Texas A&M,OLB,73.9,240.0,9.25,34.38,,4.56,29.0,35.5,123.0,4.16,7.0,11.35
2003.0,Charles Tillman,Louisiana-Lafayette,CB,73.0,207.0,,,,4.49,12.0,40.0,131.0,3.89,7.05,
2003.0,Pisa Tinoisamoa,Hawaii,OLB,72.4,231.0,9.88,30.88,,4.69,19.0,34.5,111.0,4.07,6.95,11.41
2003.0,LaBrandon Toefield,Louisiana State,RB,70.9,233.0,9.25,30.0,,4.6,19.0,,,,,
2003.0,J.R. Tolver,San Diego State,WR,73.0,202.0,9.38,31.75,,4.76,,36.0,119.0,4.16,6.98,11.19
2003.0,Marcus Trufant,Washington State,CB,71.1,199.0,8.25,30.75,,4.43,11.0,39.0,127.0,4.3,6.85,11.07
2003.0,B.J. Tucker,Wisconsin,CB,70.5,188.0,9.63,30.38,,4.38,16.0,35.0,123.0,4.14,7.25,11.38
2003.0,Torrin Tucker,Southern Mississippi,OG,77.8,328.0,10.25,34.5,,5.43,,30.0,103.0,4.96,8.38,
2003.0,Demetrin Veal,Tennessee,DE,74.1,288.0,10.25,32.0,,5.26,26.0,,111.0,,,
2003.0,Bobby Wade,Arizona,WR,70.3,193.0,9.75,31.5,,4.68,,34.5,115.0,4.03,7.0,11.48
2003.0,Aaron Walker,Florida,TE,77.6,252.0,10.25,34.13,,4.75,24.0,33.5,115.0,4.27,7.55,11.98
2003.0,Seneca Wallace,Iowa State,QB,71.4,196.0,9.13,30.38,12.0,4.52,,38.0,127.0,4.14,6.97,
2003.0,Matt Walters,Miami (FL),DE,76.5,272.0,10.25,31.38,,4.9,30.0,,,,,
2003.0,Shane Walton,Notre Dame,CB,70.6,184.0,10.0,29.0,,4.67,11.0,31.0,109.0,4.2,7.03,11.38
2003.0,Seth Wand,Northwest Missouri State,OT,79.0,321.0,10.5,34.5,,5.15,20.0,31.5,107.0,4.5,7.57,
2003.0,Kevin Ware,Washington,TE,74.9,256.0,9.5,33.25,,4.8,22.0,34.0,110.0,4.47,7.51,12.08
2003.0,Ty Warren,Texas A&M,DT,76.6,307.0,10.25,32.88,,5.1,27.0,,,,,
2003.0,Clifton Washburn,Citadel (SC),DE,77.1,275.0,10.25,32.88,,5.02,22.0,27.0,109.0,4.75,8.59,
2003.0,Derek Watson,South Carolina,RB,73.0,212.0,,,,4.63,15.0,34.0,114.0,4.2,7.35,
2003.0,Derrick Watson,South Carolina,RB,73.0,212.0,,,,4.63,15.0,34.0,114.0,4.2,7.35,
2003.0,Dennis Weathersby,Oregon State,CB,72.6,204.0,9.25,32.0,,4.39,9.0,38.0,125.0,4.08,7.13,11.39
2003.0,Reggie Wells,Clarion (PA),OT,75.3,300.0,10.0,32.0,,5.2,23.0,29.0,104.0,4.53,8.34,
2003.0,DeWayne White,Louisville,DE,74.1,273.0,10.0,32.0,,4.78,22.0,33.0,112.0,4.22,7.22,
2003.0,Keyon Whiteside,Tennessee,ILB,71.9,229.0,9.25,30.63,,4.74,27.0,29.0,111.0,4.33,7.3,12.18
2003.0,Taylor Whitley,Texas A&M,OG,75.9,321.0,8.88,33.0,,5.2,28.0,30.0,106.0,4.55,7.95,
2003.0,Jimmy Wilkerson,Oklahoma,DE,74.9,271.0,9.13,32.5,,4.86,29.0,34.5,114.0,4.38,7.44,
2003.0,Andrew Williams,Miami (FL),DE,74.3,263.0,10.5,32.5,,4.69,29.0,32.0,113.0,4.44,7.53,
2003.0,Brett Williams,Florida State,OT,76.8,321.0,10.0,34.0,,5.28,,27.5,99.0,5.01,8.57,
2003.0,Kevin Williams,Oklahoma State,DE,76.9,304.0,9.0,33.0,,4.84,23.0,30.0,112.0,5.01,7.66,
2003.0,Todd Williams,Florida State,OT,76.8,340.0,10.0,34.0,,5.14,27.0,32.5,108.0,4.54,8.06,
2003.0,Eugene Wilson,Illinois,CB,70.4,192.0,8.63,30.75,,4.46,15.0,38.0,122.0,4.0,7.18,11.33
2003.0,Jason Witten,Tennessee,TE,77.8,264.0,9.88,32.5,,4.65,25.0,31.0,,,,
2003.0,Juston Wood,Portland State (OR),QB,72.6,207.0,9.25,31.0,30.0,4.84,,32.5,113.0,4.07,7.13,
2003.0,Andre Woolfolk,Oklahoma,CB,73.4,197.0,9.5,32.75,,4.47,10.0,35.5,128.0,3.95,6.76,10.58
2003.0,George Wrighster,Oregon,TE,74.1,249.0,10.0,32.5,,4.89,16.0,34.5,115.0,,7.24,
2003.0,Thomas Wright,Michigan State,SS,73.4,201.0,9.0,31.5,,4.79,13.0,36.0,114.0,4.38,7.41,11.95
2003.0,Walter Young,Illinois,WR,76.6,214.0,10.63,35.0,,4.59,,39.0,121.0,4.22,6.89,11.74
2003.0,Doug Zeigler,Mississippi,TE,76.0,257.0,,,,4.7,20.0,,,,,
,,,,,,,,,,,,,,,
