Player,Position,School,College,Height,Weight,40 Time,Vertical Jump,Bench,Broad Jump,3 Cone,Shuttle,Drafted
Hakeem Adeniji,OL,Kansas,College Stats,6-4,302,5.17,34.0,26,115,,,Cincinnati Bengals / 6th / 180th pick / 2020
McTelvin Agim,DL,Arkansas,College Stats,6-3,309,4.98,,27,,,,Denver Broncos / 3rd / 95th pick / 2020
Brandon Aiyuk,WR,Arizona State,College Stats,6-0,205,4.50,40.0,11,128,,,San Francisco 49ers / 1st / 25th pick / 2020
Cam Akers,RB,Florida State,College Stats,5-10,217,4.47,35.5,20,122,,4.42,Los Angeles Rams / 2nd / 52nd pick / 2020
Bradlee Anae,DL,Utah,College Stats,6-3,257,4.93,31.0,25,115,7.44,4.43,Dallas Cowboys / 5th / 179th pick / 2020
Tremayne Anchrum,OL,Clemson,College Stats,6-2,314,5.21,24.5,26,104,,,Los Angeles Rams / 7th / 250th pick / 2020
Damon Arnette,CB,Ohio State,College Stats,6-0,195,4.56,,,,,,Las Vegas Raiders / 1st / 19th pick / 2020
Devin Asiasi,TE,UCLA,College Stats,6-3,257,4.73,30.5,16,115,,,New England Patriots / 3rd / 91st pick / 2020
Markus Bailey,LB,Purdue,College Stats,6-0,235,,,15,,,,Cincinnati Bengals / 7th / 215th pick / 2020
Ben Bartch,OL,Saint John's (MN),,6-6,309,,,,,,,Jacksonville Jaguars / 4th / 116th pick / 2020
Tyler Bass,K,Georgia Southern,College Stats,5-10,185,,,,,,,Buffalo Bills / 6th / 188th pick / 2020
Zack Baun,LB,Wisconsin,College Stats,6-2,238,4.65,32.5,24,115,7.00,4.31,New Orleans Saints / 3rd / 74th pick / 2020
Mekhi Becton,OL,Louisville,College Stats,6-7,364,5.10,,23,,,,New York Jets / 1st / 11th pick / 2020
Eno Benjamin,RB,Arizona State,College Stats,5-9,207,4.57,39.0,12,122,6.97,4.25,Arizona Cardinals / 7th / 222nd pick / 2020
Tyler Biadasz,OL,Wisconsin,College Stats,6-4,314,,,,,,,Dallas Cowboys / 4th / 146th pick / 2020
Ross Blacklock,DL,TCU,College Stats,6-3,290,4.90,29.0,,107,7.77,4.67,Houston Texans / 2nd / 40th pick / 2020
Julian Blackmon,S,Utah,College Stats,6-0,187,,,,,,,Indianapolis Colts / 3rd / 85th pick / 2020
Lynn Bowden,WR,Kentucky,College Stats,5-11,204,,,13,,,,Las Vegas Raiders / 3rd / 80th pick / 2020
Shaun Bradley,LB,Temple,College Stats,6-1,235,4.51,32.5,14,121,7.07,4.24,Philadelphia Eagles / 6th / 196th pick / 2020
Ben Bredeson,OL,Michigan,College Stats,6-5,315,,,,,,,Baltimore Ravens / 4th / 143rd pick / 2020
Jordyn Brooks,LB,Texas Tech,College Stats,6-0,240,4.54,,,,,,Seattle Seahawks / 1st / 27th pick / 2020
Cameron Brown,LB,Penn State,College Stats,6-5,233,4.72,35.5,16,123,,,New York Giants / 6th / 183rd pick / 2020
Derrick Brown,DL,Auburn,College Stats,6-5,326,5.16,27.0,28,108,8.22,4.79,Carolina Panthers / 1st / 7th pick / 2020
Harrison Bryant,TE,Florida Atlantic,College Stats,6-5,243,4.73,32.5,13,110,7.41,4.37,Cleveland Browns / 4th / 115th pick / 2020
Terrell Burgess,S,Utah,College Stats,5-11,202,4.46,33.5,20,122,,,Los Angeles Rams / 3rd / 104th pick / 2020
Joe Burrow,QB,LSU,College Stats,6-3,221,,,,,,,Cincinnati Bengals / 1st / 1st pick / 2020
Raymond Calais,RB,Louisiana-Lafayette,College Stats,5-8,188,4.42,37.5,20,120,,,Tampa Bay Buccaneers / 7th / 245th pick / 2020
Quintez Cephus,WR,Wisconsin,College Stats,6-1,202,4.73,38.5,23,124,7.20,4.33,Detroit Lions / 5th / 166th pick / 2020
K'Lavon Chaisson,LB,LSU,College Stats,6-3,254,,,,,,,Jacksonville Jaguars / 1st / 20th pick / 2020
Saahdiq Charles,OL,LSU,College Stats,6-4,321,5.05,,,,,,Washington Football Team / 4th / 108th pick / 2020
Jeremy Chinn,S,Southern Illinois,,6-3,221,4.45,41.0,20,138,,,Carolina Panthers / 2nd / 64th pick / 2020
Cameron Clark,OL,Charlotte,College Stats,6-4,308,5.29,25.0,26,101,,,New York Jets / 4th / 129th pick / 2020
Chase Claypool,WR,Notre Dame,College Stats,6-4,238,4.42,40.5,19,126,,,Pittsburgh Steelers / 2nd / 49th pick / 2020
Ezra Cleveland,OL,Boise State,College Stats,6-6,311,4.93,30.0,30,111,7.26,4.46,Minnesota Vikings / 2nd / 58th pick / 2020
Tyrie Cleveland,WR,Florida,College Stats,6-2,209,4.46,39.5,13,126,,,Denver Broncos / 7th / 252nd pick / 2020
Carter Coughlin,LB,Minnesota,College Stats,6-3,236,4.57,36.0,,126,,,New York Giants / 7th / 218th pick / 2020
Isaiah Coulter,WR,Rhode Island,,6-2,198,4.45,36.0,,121,7.28,4.62,Houston Texans / 5th / 171st pick / 2020
Kamren Curl,S,Arkansas,College Stats,6-1,206,4.60,34.5,24,125,,,Washington Football Team / 7th / 216th pick / 2020
Lloyd Cushenberry,OL,LSU,College Stats,6-3,312,5.27,,25,,,,Denver Broncos / 3rd / 83rd pick / 2020
DeeJay Dallas,RB,Miami,College Stats,5-10,217,4.58,33.5,,119,7.18,4.32,Seattle Seahawks / 4th / 144th pick / 2020
Cameron Dantzler,CB,Mississippi State,College Stats,6-2,188,4.64,34.5,,,,,Minnesota Vikings / 3rd / 89th pick / 2020
Marlon Davidson,DL,Auburn,College Stats,6-3,303,5.04,,21,,,,Atlanta Falcons / 2nd / 47th pick / 2020
Ashtyn Davis,S,California,College Stats,6-1,202,,,14,,,,New York Jets / 3rd / 68th pick / 2020
Carlos Davis,DL,Nebraska,College Stats,6-2,313,4.82,,27,,,4.52,Pittsburgh Steelers / 7th / 232nd pick / 2020
Gabriel Davis,WR,UCF,College Stats,6-2,216,4.54,35.0,14,124,7.08,4.59,Buffalo Bills / 4th / 128th pick / 2020
Khalil Davis,DL,Nebraska,College Stats,6-1,308,4.75,,32,,,,Tampa Bay Buccaneers / 6th / 194th pick / 2020
Raekwon Davis,DL,Alabama,College Stats,6-6,311,5.12,28.0,24,111,7.95,4.86,Miami Dolphins / 2nd / 56th pick / 2020
Akeem Davis-Gaither,LB,Appalachian State,College Stats,6-1,224,,,21,,,,Cincinnati Bengals / 4th / 107th pick / 2020
Josiah Deguara,TE,Cincinnati,College Stats,6-2,242,4.72,35.5,25,115,7.15,4.35,Green Bay Packers / 3rd / 94th pick / 2020
Grant Delpit,S,LSU,College Stats,6-2,213,,,,,,,Cleveland Browns / 2nd / 44th pick / 2020
Trevon Diggs,CB,Alabama,College Stats,6-1,205,,,,,,,Dallas Cowboys / 2nd / 51st pick / 2020
AJ Dillon,RB,Boston College,College Stats,6-0,247,4.53,41.0,23,131,7.19,,Green Bay Packers / 2nd / 62nd pick / 2020
J.K. Dobbins,RB,Ohio State,College Stats,5-9,209,,,23,,,,Baltimore Ravens / 2nd / 55th pick / 2020
Jack Driscoll,OL,Auburn,College Stats,6-5,306,5.02,29.5,23,114,,,Philadelphia Eagles / 4th / 145th pick / 2020
Kyle Dugger,S,Lenoir-Rhyne,,6-1,217,4.49,42.0,17,134,,,New England Patriots / 2nd / 37th pick / 2020
Devin Duvernay,WR,Texas,College Stats,5-10,200,4.39,35.5,,123,7.13,4.20,Baltimore Ravens / 3rd / 92nd pick / 2020
Troy Dye,LB,Oregon,College Stats,6-3,231,,,,,,,Minnesota Vikings / 4th / 132nd pick / 2020
Jacob Eason,QB,Washington,College Stats,6-6,231,4.89,27.5,,110,7.50,4.75,Indianapolis Colts / 4th / 122nd pick / 2020
Bryan Edwards,WR,South Carolina,College Stats,6-3,212,,,,,,,Las Vegas Raiders / 3rd / 81st pick / 2020
Clyde Edwards-Helaire,RB,LSU,College Stats,5-7,207,4.60,39.5,15,123,,,Kansas City Chiefs / 1st / 32nd pick / 2020
Jordan Elliott,DL,Missouri,College Stats,6-4,302,5.02,27.5,24,,,4.73,Cleveland Browns / 3rd / 88th pick / 2020
A.J. Epenesa,DL,Iowa,College Stats,6-5,275,5.04,32.5,17,117,7.34,4.46,Buffalo Bills / 2nd / 54th pick / 2020
Darrynton Evans,RB,Appalachian State,College Stats,5-10,203,4.41,37.0,20,125,,,Tennessee Titans / 3rd / 93rd pick / 2020
Blake Ferguson,LS,LSU,College Stats,6-3,229,5.07,31.0,,112,7.43,4.52,Miami Dolphins / 6th / 185th pick / 2020
Leki Fotu,DL,Utah,College Stats,6-5,330,5.15,,21,,,,Arizona Cardinals / 4th / 114th pick / 2020
Jake Fromm,QB,Georgia,College Stats,6-2,219,5.01,30.0,,111,7.27,4.51,Buffalo Bills / 5th / 167th pick / 2020
Jordan Fuller,S,Ohio State,College Stats,6-2,203,4.67,35.5,,122,,4.27,Los Angeles Rams / 6th / 199th pick / 2020
Kristian Fulton,CB,LSU,College Stats,6-0,197,4.46,35.5,,123,6.94,4.36,Tennessee Titans / 2nd / 61st pick / 2020
Neville Gallimore,DL,Oklahoma,College Stats,6-2,304,4.79,,23,,7.97,5.01,Dallas Cowboys / 3rd / 82nd pick / 2020
Antonio Gandy-Golden,WR,Liberty,College Stats,6-4,223,4.60,36.0,22,127,7.33,4.55,Washington Football Team / 4th / 142nd pick / 2020
Jonathan Garvin,DL,Miami,College Stats,6-4,263,4.82,36.0,23,125,,,Green Bay Packers / 7th / 242nd pick / 2020
Antonio Gibson,WR,Memphis,College Stats,6-0,228,4.39,35.0,16,118,,,Washington Football Team / 3rd / 66th pick / 2020
Alohi Gilman,S,Notre Dame,College Stats,5-10,201,4.60,32.0,17,119,6.81,4.08,Los Angeles Chargers / 6th / 186th pick / 2020
Trevis Gipson,DL,Tulsa,College Stats,6-3,261,,,25,,,,Chicago Bears / 5th / 155th pick / 2020
Jeff Gladney,CB,TCU,College Stats,5-10,191,4.48,37.5,17,124,7.26,,Minnesota Vikings / 1st / 31st pick / 2020
Jonathan Greenard,DL,Florida,College Stats,6-3,263,4.87,30.5,22,113,7.13,4.34,Houston Texans / 3rd / 90th pick / 2020
Yetur Gross-Matos,DL,Penn State,College Stats,6-5,266,,34.0,20,120,,,Carolina Panthers / 2nd / 38th pick / 2020
Bryce Hall,CB,Virginia,College Stats,6-1,202,,,11,,,,New York Jets / 5th / 158th pick / 2020
DaVon Hamilton,DL,Ohio State,College Stats,6-4,320,5.14,29.5,33,102,7.72,,Jacksonville Jaguars / 3rd / 73rd pick / 2020
KJ Hamler,WR,Penn State,College Stats,5-9,178,,,15,,,,Denver Broncos / 2nd / 46th pick / 2020
Harrison Hand,CB,Temple,College Stats,5-11,197,4.52,41.0,14,133,7.15,4.27,Minnesota Vikings / 5th / 169th pick / 2020
Jake Hanson,OL,Oregon,College Stats,6-4,303,5.50,,33,,,,Green Bay Packers / 6th / 208th pick / 2020
Nick Harris,OL,Washington,College Stats,6-1,302,5.10,29.5,20,103,,,Cleveland Browns / 5th / 160th pick / 2020
Malik Harrison,LB,Ohio State,College Stats,6-3,247,4.66,36.0,,122,6.83,4.32,Baltimore Ravens / 3rd / 98th pick / 2020
Jaylinn Hawkins,S,California,College Stats,6-1,208,,35.5,,117,,,Atlanta Falcons / 4th / 134th pick / 2020
Charlie Heck,OL,North Carolina,College Stats,6-8,311,5.16,28.0,21,112,8.02,4.86,Houston Texans / 4th / 126th pick / 2020
C.J. Henderson,CB,Florida,College Stats,6-1,204,4.39,37.5,20,127,,,Jacksonville Jaguars / 1st / 9th pick / 2020
Matt Hennessy,OL,Temple,College Stats,6-4,307,5.18,30.0,23,110,7.45,4.60,Atlanta Falcons / 3rd / 78th pick / 2020
Justin Herbert,QB,Oregon,College Stats,6-6,236,4.68,35.5,,123,7.06,4.46,Los Angeles Chargers / 1st / 6th pick / 2020
Justin Herron,OL,Wake Forest,College Stats,6-4,308,5.26,33.0,27,105,8.41,4.88,New England Patriots / 6th / 195th pick / 2020
Tee Higgins,WR,Clemson,College Stats,6-4,216,,,,,,,Cincinnati Bengals / 2nd / 33rd pick / 2020
Alex Highsmith,DL,Charlotte,College Stats,6-3,248,4.70,33.0,,125,7.32,4.31,Pittsburgh Steelers / 3rd / 102nd pick / 2020
John Hightower,WR,Boise State,College Stats,6-1,189,4.43,38.5,,122,7.07,4.21,Philadelphia Eagles / 5th / 168th pick / 2020
K.J. Hill,WR,Ohio State,College Stats,6-0,196,4.60,32.5,17,114,,,Los Angeles Chargers / 7th / 220th pick / 2020
Isaiah Hodgins,WR,Oregon State,College Stats,6-4,210,4.61,36.5,9,124,7.01,4.12,Buffalo Bills / 6th / 207th pick / 2020
Sterling Hofrichter,P,Syracuse,College Stats,5-10,196,,,,,,,Atlanta Falcons / 7th / 228th pick / 2020
Darnay Holmes,CB,UCLA,College Stats,5-10,195,4.48,,12,,,,New York Giants / 4th / 110th pick / 2020
Brycen Hopkins,TE,Purdue,College Stats,6-4,245,4.66,33.5,21,116,7.25,4.28,Los Angeles Rams / 4th / 136th pick / 2020
Khaleke Hudson,LB,Michigan,College Stats,5-11,224,4.56,33.0,30,120,,,Washington Football Team / 5th / 162nd pick / 2020
Robert Hunt,OL,Louisiana-Lafayette,College Stats,6-5,323,,,,,,,Miami Dolphins / 2nd / 39th pick / 2020
Jalen Hurts,QB,Oklahoma,College Stats,6-1,222,4.59,35.0,,125,,,Philadelphia Eagles / 2nd / 53rd pick / 2020
Noah Igbinoghene,CB,Auburn,College Stats,5-10,198,4.48,37.0,15,128,,,Miami Dolphins / 1st / 30th pick / 2020
Brian Cole II,S,Mississippi State,College Stats,6-2,213,4.52,,,,,,Minnesota Vikings / 7th / 249th pick / 2020
Rashard Lawrence II,DL,LSU,College Stats,6-2,308,5.07,,22,,8.03,,Arizona Cardinals / 4th / 131st pick / 2020
Reggie Robinson II,CB,Tulsa,College Stats,6-1,205,4.44,36.0,22,132,7.09,4.18,Dallas Cowboys / 4th / 123rd pick / 2020
Henry Ruggs III,WR,Alabama,College Stats,5-11,188,4.27,42.0,,131,,,Las Vegas Raiders / 1st / 12th pick / 2020
Keith Ismael,OL,San Diego State,College Stats,6-3,309,5.34,32.0,,108,8.14,4.65,Washington Football Team / 5th / 156th pick / 2020
Austin Jackson,OL,USC,College Stats,6-5,322,5.07,31.0,27,115,7.95,,Miami Dolphins / 1st / 18th pick / 2020
Dane Jackson,CB,Pittsburgh,College Stats,6-0,187,4.57,35.0,,122,7.07,4.27,Buffalo Bills / 7th / 239th pick / 2020
Jonah Jackson,OL,Ohio State,College Stats,6-3,306,5.23,26.0,28,98,7.83,5.02,Detroit Lions / 3rd / 75th pick / 2020
Justin Jefferson,WR,LSU,College Stats,6-1,202,4.43,37.5,,126,,,Minnesota Vikings / 1st / 22nd pick / 2020
Van Jefferson,WR,Florida,College Stats,6-1,200,,,,,,,Los Angeles Rams / 2nd / 57th pick / 2020
Anfernee Jennings,LB,Alabama,College Stats,6-2,256,,,,,,,New England Patriots / 3rd / 87th pick / 2020
Jauan Jennings,WR,Tennessee,College Stats,6-3,215,4.72,29.0,,119,,,San Francisco 49ers / 7th / 217th pick / 2020
Jerry Jeudy,WR,Alabama,College Stats,6-1,193,4.45,35.0,,120,,4.53,Denver Broncos / 1st / 15th pick / 2020
Collin Johnson,WR,Texas,College Stats,6-6,222,,,17,,,,Jacksonville Jaguars / 5th / 165th pick / 2020
Jaylon Johnson,CB,Utah,College Stats,6-0,193,4.50,36.5,15,124,7.01,4.13,Chicago Bears / 2nd / 50th pick / 2020
Tyler Johnson,WR,Minnesota,College Stats,6-1,206,,,,,,,Tampa Bay Buccaneers / 5th / 161st pick / 2020
Clay Johnston,LB,Baylor,College Stats,6-1,227,,,18,,,,Los Angeles Rams / 7th / 234th pick / 2020
Brandon Jones,S,Texas,College Stats,5-11,198,,,,,,,Miami Dolphins / 3rd / 70th pick / 2020
Joshua Jones,OL,Houston,College Stats,6-5,319,5.27,28.5,24,109,,,Arizona Cardinals / 3rd / 72nd pick / 2020
Antoine Brooks Jr.,S,Maryland,College Stats,5-11,220,4.64,34.5,18,,,,Pittsburgh Steelers / 6th / 198th pick / 2020
Willie Gay Jr.,LB,Mississippi State,College Stats,6-1,243,4.46,39.5,21,136,7.08,4.30,Kansas City Chiefs / 2nd / 63rd pick / 2020
Laviska Shenault Jr.,WR,Colorado,College Stats,6-1,227,4.58,,17,,,,Jacksonville Jaguars / 2nd / 42nd pick / 2020
Antoine Winfield Jr.,S,Minnesota,College Stats,5-9,203,4.45,36.0,,124,,,Tampa Bay Buccaneers / 2nd / 45th pick / 2020
Khalid Kareem,DL,Notre Dame,College Stats,6-4,268,,,,,,,Cincinnati Bengals / 5th / 147th pick / 2020
Dalton Keene,TE,Virginia Tech,College Stats,6-4,253,4.71,34.0,21,125,7.07,4.19,New England Patriots / 3rd / 101st pick / 2020
Joshua Kelley,RB,UCLA,College Stats,5-11,212,4.49,31.0,23,121,6.95,4.28,Los Angeles Chargers / 4th / 112th pick / 2020
BoPete Keyes,CB,Tulane,College Stats,6-1,202,,36.0,,126,,,Kansas City Chiefs / 7th / 237th pick / 2020
Solomon Kindley,OL,Georgia,College Stats,6-3,337,,,,,,,Miami Dolphins / 4th / 111th pick / 2020
Javon Kinlaw,DL,South Carolina,College Stats,6-5,324,,,,,,,San Francisco 49ers / 1st / 14th pick / 2020
Cole Kmet,TE,Notre Dame,College Stats,6-6,262,4.70,37.0,,123,7.44,4.41,Chicago Bears / 2nd / 43rd pick / 2020
CeeDee Lamb,WR,Oklahoma,College Stats,6-2,198,4.50,34.5,11,124,,,Dallas Cowboys / 1st / 17th pick / 2020
Shane Lemieux,OL,Oregon,College Stats,6-4,310,5.11,25.5,,107,8.13,4.90,New York Giants / 5th / 150th pick / 2020
Damien Lewis,OL,LSU,College Stats,6-2,327,5.24,30.0,27,108,,,Seattle Seahawks / 3rd / 69th pick / 2020
Terrell Lewis,LB,Alabama,College Stats,6-5,262,,37.0,,124,,,Los Angeles Rams / 3rd / 84th pick / 2020
Jordan Love,QB,Utah State,College Stats,6-4,224,4.74,35.5,,118,7.21,4.52,Green Bay Packers / 1st / 26th pick / 2020
Jake Luton,QB,Oregon State,College Stats,6-6,224,,,,,,,Jacksonville Jaguars / 6th / 189th pick / 2020
James Lynch,DL,Baylor,College Stats,6-4,289,5.01,29.0,23,111,7.39,4.39,Minnesota Vikings / 4th / 130th pick / 2020
Justin Madubuike,DL,Texas A&M,College Stats,6-3,293,4.83,,31,,7.37,,Baltimore Ravens / 3rd / 71st pick / 2020
Braden Mann,P,Texas A&M,College Stats,5-11,198,4.83,31.0,,111,7.03,4.13,New York Jets / 6th / 191st pick / 2020
Kamal Martin,LB,Minnesota,College Stats,6-3,240,,,,,,,Green Bay Packers / 5th / 175th pick / 2020
Cole McDonald,QB,Hawaii,College Stats,6-3,215,4.58,36.0,,121,7.13,4.52,Tennessee Titans / 7th / 224th pick / 2020
Anthony McFarland,RB,Maryland,College Stats,5-8,208,4.44,29.5,,116,,,Pittsburgh Steelers / 4th / 124th pick / 2020
Xavier McKinney,S,Alabama,College Stats,6-0,201,4.63,36.0,19,122,,,New York Giants / 2nd / 36th pick / 2020
Colton McKivitz,OL,West Virginia,College Stats,6-6,306,5.35,26.0,20,106,7.87,5.00,San Francisco 49ers / 5th / 153rd pick / 2020
Josh Metellus,S,Michigan,College Stats,5-11,209,4.55,36.5,20,124,6.94,4.40,Minnesota Vikings / 6th / 205th pick / 2020
Denzel Mims,WR,Baylor,College Stats,6-3,207,4.38,38.5,16,131,6.66,4.43,New York Jets / 2nd / 59th pick / 2020
Darnell Mooney,WR,Tulane,College Stats,5-10,176,4.38,37.0,9,124,,,Chicago Bears / 5th / 173rd pick / 2020
James Morgan,QB,Florida International,College Stats,6-4,229,4.89,29.0,,112,7.51,4.64,New York Jets / 4th / 125th pick / 2020
Zack Moss,RB,Utah,College Stats,5-9,223,4.65,33.0,19,,,4.37,Buffalo Bills / 3rd / 86th pick / 2020
Larrell Murchison,DL,North Carolina State,College Stats,6-2,297,5.05,29.0,29,118,7.89,4.51,Tennessee Titans / 5th / 174th pick / 2020
Kenneth Murray,LB,Oklahoma,College Stats,6-2,241,4.52,38.0,21,129,,,Los Angeles Chargers / 1st / 23rd pick / 2020
Tanner Muse,S,Clemson,College Stats,6-2,227,4.41,34.5,20,124,,,Las Vegas Raiders / 3rd / 100th pick / 2020
Netane Muti,OL,Fresno State,College Stats,6-3,315,,,44,,,,Denver Broncos / 6th / 181st pick / 2020
Lucas Niang,OL,TCU,College Stats,6-6,315,,,,,,,Kansas City Chiefs / 3rd / 96th pick / 2020
Michael Ojemudia,CB,Iowa,College Stats,6-1,200,4.45,36.0,,122,6.87,4.21,Denver Broncos / 3rd / 77th pick / 2020
Jeff Okudah,CB,Ohio State,College Stats,6-1,205,4.48,41.0,11,135,,,Detroit Lions / 1st / 3rd pick / 2020
Julian Okwara,DL,Notre Dame,College Stats,6-4,252,,,27,,,,Detroit Lions / 3rd / 67th pick / 2020
Albert Okwuegbunam,TE,Missouri,College Stats,6-5,258,4.49,,,,,,Denver Broncos / 4th / 118th pick / 2020
Mike Onwenu,OL,Michigan,College Stats,6-3,344,,,26,,,,New England Patriots / 6th / 182nd pick / 2020
K.J. Osborn,WR,Miami,College Stats,5-11,203,4.48,37.5,18,123,7.00,4.35,Minnesota Vikings / 5th / 176th pick / 2020
Colby Parkinson,TE,Stanford,College Stats,6-7,252,4.77,32.5,18,109,7.15,4.46,Seattle Seahawks / 4th / 133rd pick / 2020
Dezmon Patmon,WR,Washington State,College Stats,6-4,225,4.48,36.0,15,132,7.28,4.38,Indianapolis Colts / 6th / 212th pick / 2020
Matt Peart,OL,Connecticut,College Stats,6-7,318,5.06,30.0,26,113,8.01,4.92,New York Giants / 3rd / 99th pick / 2020
John Penisini,DL,Utah,College Stats,6-1,318,,25.5,23,,,4.93,Detroit Lions / 6th / 197th pick / 2020
Donovan Peoples-Jones,WR,Michigan,College Stats,6-2,212,4.48,44.5,,139,,,Cleveland Browns / 6th / 187th pick / 2020
La'Mical Perine,RB,Florida,College Stats,5-11,216,4.62,35.0,22,118,7.13,4.31,New York Jets / 4th / 120th pick / 2020
Malcolm Perry,WR,Navy,College Stats,5-9,186,4.63,36.0,10,122,7.12,4.31,Miami Dolphins / 7th / 246th pick / 2020
Jacob Phillips,LB,LSU,College Stats,6-3,229,4.66,39.0,,126,7.38,4.33,Cleveland Browns / 3rd / 97th pick / 2020
Tyre Phillips,OL,Mississippi State,College Stats,6-5,331,5.37,25.0,22,93,8.17,5.11,Baltimore Ravens / 3rd / 106th pick / 2020
Danny Pinter,OL,Ball State,College Stats,6-4,306,4.91,29.5,24,110,7.76,4.62,Indianapolis Colts / 5th / 149th pick / 2020
Michael Pittman,WR,USC,College Stats,6-4,223,4.52,36.5,13,121,6.96,4.14,Indianapolis Colts / 2nd / 34th pick / 2020
Troy Pride,CB,Notre Dame,College Stats,5-11,193,4.40,35.5,13,119,6.94,4.26,Carolina Panthers / 4th / 113th pick / 2020
James Proche,WR,SMU,College Stats,5-11,201,,34.5,20,,7.27,4.40,Baltimore Ravens / 6th / 201st pick / 2020
Shaquille Quarterman,LB,Miami,College Stats,6-0,234,4.74,31.0,23,120,,,Jacksonville Jaguars / 4th / 140th pick / 2020
Patrick Queen,LB,LSU,College Stats,6-0,229,4.50,35.0,18,125,,,Baltimore Ravens / 1st / 28th pick / 2020
Jalen Reagor,WR,TCU,College Stats,5-11,206,4.47,42.0,17,138,7.31,4.46,Philadelphia Eagles / 1st / 21st pick / 2020
Joe Reed,WR,Virginia,College Stats,6-0,224,4.47,38.0,21,123,,,Los Angeles Chargers / 5th / 151st pick / 2020
John Reid,CB,Penn State,College Stats,5-10,187,4.49,36.5,20,129,6.95,3.97,Houston Texans / 4th / 141st pick / 2020
Amik Robertson,CB,Louisiana Tech,College Stats,5-8,187,,,,,,,Las Vegas Raiders / 4th / 139th pick / 2020
Alton Robinson,DL,Syracuse,College Stats,6-3,264,4.69,35.5,25,119,7.32,4.32,Seattle Seahawks / 5th / 148th pick / 2020
Cesar Ruiz,OL,Michigan,College Stats,6-3,307,5.08,33.0,28,113,7.91,4.64,New Orleans Saints / 1st / 24th pick / 2020
Jon Runyan,OL,Michigan,College Stats,6-4,306,5.08,30.5,24,107,7.57,4.69,Green Bay Packers / 6th / 192nd pick / 2020
Chapelle Russell,LB,Temple,College Stats,6-2,236,4.69,35.0,21,121,7.38,4.41,Tampa Bay Buccaneers / 7th / 241st pick / 2020
Josiah Scott,CB,Michigan State,College Stats,5-9,185,4.42,,17,,,,Jacksonville Jaguars / 4th / 137th pick / 2020
Isaiah Simmons,LB,Clemson,College Stats,6-4,238,4.39,39.0,,132,,,Arizona Cardinals / 1st / 8th pick / 2020
John Simpson,OL,Clemson,College Stats,6-4,321,5.24,30.0,34,107,8.03,4.87,Las Vegas Raiders / 4th / 109th pick / 2020
James Smith-Williams,DL,North Carolina State,College Stats,6-4,265,4.60,32.0,28,123,7.35,4.52,Washington Football Team / 7th / 229th pick / 2020
L'Jarius Sneed,S,Louisiana Tech,College Stats,6-0,192,4.37,41.0,12,131,,,Kansas City Chiefs / 4th / 138th pick / 2020
Nate Stanley,QB,Iowa,College Stats,6-4,235,4.81,28.5,,108,7.26,4.48,Minnesota Vikings / 7th / 244th pick / 2020
Logan Stenberg,OL,Kentucky,College Stats,6-6,317,5.30,26.0,,104,8.00,4.83,Detroit Lions / 4th / 121st pick / 2020
Simon Stepaniak,OL,Indiana,College Stats,6-4,313,,,37,,,,Green Bay Packers / 6th / 209th pick / 2020
Geno Stone,S,Iowa,College Stats,5-10,207,4.62,33.5,12,116,,,Baltimore Ravens / 7th / 219th pick / 2020
Justin Strnad,LB,Wake Forest,College Stats,6-3,238,4.74,29.0,,113,,4.49,Denver Broncos / 5th / 178th pick / 2020
Jason Strowbridge,DL,North Carolina,College Stats,6-4,275,4.89,31.0,26,113,7.45,4.37,Miami Dolphins / 5th / 154th pick / 2020
Stephen Sullivan,TE,LSU,College Stats,6-5,248,4.66,36.5,,123,7.51,4.62,Seattle Seahawks / 7th / 251st pick / 2020
Freddie Swain,WR,Florida,College Stats,6-0,197,4.46,36.5,16,124,7.05,4.26,Seattle Seahawks / 6th / 214th pick / 2020
D'Andre Swift,RB,Georgia,College Stats,5-8,212,4.48,35.5,,121,,,Detroit Lions / 2nd / 35th pick / 2020
Tua Tagovailoa,QB,Alabama,College Stats,6-0,217,,,,,,,Miami Dolphins / 1st / 5th pick / 2020
Darrell Taylor,LB,Tennessee,College Stats,6-4,267,,,,,,,Seattle Seahawks / 2nd / 48th pick / 2020
Davion Taylor,LB,Colorado,College Stats,6-0,228,4.49,35.0,21,127,6.96,4.26,Philadelphia Eagles / 3rd / 103rd pick / 2020
Jonathan Taylor,RB,Wisconsin,College Stats,5-10,226,4.39,36.0,17,123,7.01,4.24,Indianapolis Colts / 2nd / 41st pick / 2020
A.J. Terrell,CB,Clemson,College Stats,6-1,195,4.42,34.5,15,129,,,Atlanta Falcons / 1st / 16th pick / 2020
Andrew Thomas,OL,Georgia,College Stats,6-5,315,5.22,30.5,21,109,7.58,4.66,New York Giants / 1st / 4th pick / 2020
Daniel Thomas,S,Auburn,College Stats,5-10,215,4.51,37.0,24,125,,,Jacksonville Jaguars / 5th / 157th pick / 2020
Stantley Thomas-Oliver,CB,Florida International,College Stats,6-0,192,4.48,34.0,,127,,,Carolina Panthers / 7th / 221st pick / 2020
Casey Toohill,LB,Stanford,College Stats,6-4,250,4.62,39.0,17,126,7.08,4.21,Philadelphia Eagles / 7th / 233rd pick / 2020
Adam Trautman,TE,Dayton,,6-5,255,4.80,34.5,18,114,6.78,4.27,New Orleans Saints / 3rd / 105th pick / 2020
Derrek Tuszka,DL,North Dakota State,,6-4,251,4.79,33.5,24,120,6.87,4.34,Denver Broncos / 7th / 254th pick / 2020
Josh Uche,LB,Michigan,College Stats,6-1,245,,,18,,,,New England Patriots / 2nd / 60th pick / 2020
Ke'Shawn Vaughn,RB,Vanderbilt,College Stats,5-10,214,4.51,32.0,,117,,,Tampa Bay Buccaneers / 3rd / 76th pick / 2020
Kindle Vildor,CB,Georgia Southern,College Stats,5-10,191,4.44,39.5,22,133,7.14,4.28,Chicago Bears / 5th / 163rd pick / 2020
Mykal Walker,LB,Fresno State,College Stats,6-3,230,4.65,33.0,20,122,7.09,4.25,Atlanta Falcons / 4th / 119th pick / 2020
K'Von Wallace,S,Clemson,College Stats,5-11,206,4.53,38.0,18,133,6.76,4.15,Philadelphia Eagles / 4th / 127th pick / 2020
Prince Tega Wanogho,OL,Auburn,College Stats,6-5,308,,,,,,,Philadelphia Eagles / 6th / 210th pick / 2020
Broderick Washington,DL,Texas Tech,College Stats,6-2,305,,,23,,,,Baltimore Ravens / 5th / 170th pick / 2020
Quez Watkins,WR,Southern Miss,College Stats,6-0,185,4.35,36.5,,125,7.28,4.36,Philadelphia Eagles / 6th / 200th pick / 2020
Curtis Weaver,LB,Boise State,College Stats,6-2,265,,32.5,,116,7.00,4.27,Miami Dolphins / 5th / 164th pick / 2020
Evan Weaver,LB,California,College Stats,6-2,237,4.76,32.0,15,117,7.02,4.21,Arizona Cardinals / 6th / 202nd pick / 2020
Kenny Willekes,DL,Michigan State,College Stats,6-3,264,4.87,32.5,32,119,7.39,,Minnesota Vikings / 7th / 225th pick / 2020
Jedrick Wills,OL,Alabama,College Stats,6-4,312,5.05,34.5,,113,,4.84,Cleveland Browns / 1st / 10th pick / 2020
Isaiah Wilson,OL,Georgia,College Stats,6-6,350,5.32,29.0,26,110,8.26,5.07,Tennessee Titans / 1st / 29th pick / 2020
Logan Wilson,LB,Wyoming,College Stats,6-2,241,4.63,32.0,21,121,7.07,4.27,Cincinnati Bengals / 3rd / 65th pick / 2020
Rob Windsor,DL,Penn State,College Stats,6-4,290,4.90,28.5,21,111,7.47,4.44,Indianapolis Colts / 6th / 193rd pick / 2020
Tristan Wirfs,OL,Iowa,College Stats,6-5,320,4.85,36.5,24,121,7.65,4.68,Tampa Bay Buccaneers / 1st / 13th pick / 2020
Charlie Woerner,TE,Georgia,College Stats,6-5,244,4.78,34.5,21,120,7.18,4.46,San Francisco 49ers / 6th / 190th pick / 2020
D.J. Wonnum,DL,South Carolina,College Stats,6-5,258,4.73,34.5,20,123,7.25,4.44,Minnesota Vikings / 4th / 117th pick / 2020
Chase Young,DL,Ohio State,College Stats,6-5,264,,,,,,,Washington Football Team / 1st / 2nd pick / 2020
Jabari Zuniga,DL,Florida,College Stats,6-3,264,4.64,33.0,29,127,,,New York Jets / 3rd / 79th pick / 2020
